<?xml version="1.0" encoding="UTF-8"?>
<gpx creator="https://gpx.studio" version="1.1" xmlns="http://www.topografix.com/GPX/1/1" xmlns:xsi="http://www.w3.org/2001/XMLSchema-instance" xsi:schemaLocation="http://www.topografix.com/GPX/1/1 http://www.topografix.com/GPX/1/1/gpx.xsd http://www.garmin.com/xmlschemas/GpxExtensions/v3 http://www.garmin.com/xmlschemas/GpxExtensionsv3.xsd http://www.garmin.com/xmlschemas/TrackPointExtension/v1 http://www.garmin.com/xmlschemas/TrackPointExtensionv1.xsd http://www.garmin.com/xmlschemas/PowerExtension/v1 http://www.garmin.com/xmlschemas/PowerExtensionv1.xsd http://www.topografix.com/GPX/gpx_style/0/2 http://www.topografix.com/GPX/gpx_style/0/2/gpx_style.xsd" xmlns:gpxtpx="http://www.garmin.com/xmlschemas/TrackPointExtension/v1" xmlns:gpxx="http://www.garmin.com/xmlschemas/GpxExtensions/v3" xmlns:gpxpx="http://www.garmin.com/xmlschemas/PowerExtension/v1" xmlns:gpx_style="http://www.topografix.com/GPX/gpx_style/0/2">
  <metadata>
    <name>RE14 Dorsten ZOB-Essen Hbf.©FerhanK</name>
    <author>
      <name>gpx.studio</name>
      <link href="https://gpx.studio"/>
    </author>
  </metadata>
  <wpt lat="51.450188" lon="7.010319">
    <ele>89.02023101737802</ele>
    <name>Essen Hbf.</name>
  </wpt>
  <wpt lat="51.472334" lon="6.94882">
    <ele>60.656557982183</ele>
    <name>Essen Borbeck</name>
  </wpt>
  <wpt lat="51.50990459362154" lon="6.936168096713374">
    <ele>34.470612412692084</ele>
    <name>Bottrop Hbf.</name>
  </wpt>
  <wpt lat="51.575247" lon="6.977476">
    <ele>61.41423054561081</ele>
    <name>Gladbeck West</name>
  </wpt>
  <wpt lat="51.588919" lon="6.9853">
    <ele>72.99911922332616</ele>
    <name>Gladbeck Zweckel</name>
  </wpt>
  <wpt lat="51.61544239035263" lon="6.9703298038803325">
    <ele>53.52282714848415</ele>
    <name>Feldhausen</name>
  </wpt>
  <wpt lat="0" lon="0">
    <ele>0</ele>
  </wpt>
  <wpt lat="51.658165" lon="6.969014">
    <ele>34.66093315361126</ele>
    <name>Dorsten ZOB</name>
  </wpt>
  <trk>
    <name>RE14 Dorsten ZOB-Essen Hbf.©FerhanK</name>
    <trkseg>
      <trkpt lat="51.658116" lon="6.968991">
        <ele>34</ele>
      </trkpt>
      <trkpt lat="51.658111" lon="6.968791">
        <ele>34</ele>
      </trkpt>
      <trkpt lat="51.658118" lon="6.968704">
        <ele>34</ele>
      </trkpt>
      <trkpt lat="51.658138" lon="6.968542">
        <ele>34</ele>
      </trkpt>
      <trkpt lat="51.658161" lon="6.968446">
        <ele>34</ele>
      </trkpt>
      <trkpt lat="51.658223" lon="6.968283">
        <ele>34</ele>
      </trkpt>
      <trkpt lat="51.658239" lon="6.968239">
        <ele>34</ele>
      </trkpt>
      <trkpt lat="51.658296" lon="6.96802">
        <ele>34.25</ele>
      </trkpt>
      <trkpt lat="51.658371" lon="6.967906">
        <ele>34.25</ele>
      </trkpt>
      <trkpt lat="51.658344" lon="6.967864">
        <ele>34.25</ele>
      </trkpt>
      <trkpt lat="51.658227" lon="6.96768">
        <ele>34.75</ele>
      </trkpt>
      <trkpt lat="51.657708" lon="6.966868">
        <ele>34.75</ele>
      </trkpt>
      <trkpt lat="51.657355" lon="6.966508">
        <ele>35.25</ele>
      </trkpt>
      <trkpt lat="51.65706" lon="6.966277">
        <ele>35.5</ele>
      </trkpt>
      <trkpt lat="51.656874" lon="6.966181">
        <ele>35.75</ele>
      </trkpt>
      <trkpt lat="51.656656" lon="6.966119">
        <ele>35.75</ele>
      </trkpt>
      <trkpt lat="51.656326" lon="6.966065">
        <ele>35.25</ele>
      </trkpt>
      <trkpt lat="51.656299" lon="6.966061">
        <ele>35</ele>
      </trkpt>
      <trkpt lat="51.656188" lon="6.96605">
        <ele>34.75</ele>
      </trkpt>
      <trkpt lat="51.65608" lon="6.966044">
        <ele>34.75</ele>
      </trkpt>
      <trkpt lat="51.655975" lon="6.966036">
        <ele>34.5</ele>
      </trkpt>
      <trkpt lat="51.655836" lon="6.966049">
        <ele>34.25</ele>
      </trkpt>
      <trkpt lat="51.655694" lon="6.966062">
        <ele>34.25</ele>
      </trkpt>
      <trkpt lat="51.655426" lon="6.966119">
        <ele>34.5</ele>
      </trkpt>
      <trkpt lat="51.655247" lon="6.966185">
        <ele>34.75</ele>
      </trkpt>
      <trkpt lat="51.654946" lon="6.966232">
        <ele>35</ele>
      </trkpt>
      <trkpt lat="51.654556" lon="6.966307">
        <ele>35.75</ele>
      </trkpt>
      <trkpt lat="51.654416" lon="6.96633">
        <ele>35.75</ele>
      </trkpt>
      <trkpt lat="51.65344" lon="6.966494">
        <ele>34.5</ele>
      </trkpt>
      <trkpt lat="51.652735" lon="6.966609">
        <ele>34.75</ele>
      </trkpt>
      <trkpt lat="51.652497" lon="6.966626">
        <ele>35</ele>
      </trkpt>
      <trkpt lat="51.65228" lon="6.966638">
        <ele>35.25</ele>
      </trkpt>
      <trkpt lat="51.652006" lon="6.96663">
        <ele>35.5</ele>
      </trkpt>
      <trkpt lat="51.651594" lon="6.966574">
        <ele>36</ele>
      </trkpt>
      <trkpt lat="51.651401" lon="6.966528">
        <ele>35.75</ele>
      </trkpt>
      <trkpt lat="51.651167" lon="6.966459">
        <ele>35.5</ele>
      </trkpt>
      <trkpt lat="51.65088" lon="6.966351">
        <ele>35.25</ele>
      </trkpt>
      <trkpt lat="51.650596" lon="6.96622">
        <ele>35.5</ele>
      </trkpt>
      <trkpt lat="51.650386" lon="6.9661">
        <ele>35.25</ele>
      </trkpt>
      <trkpt lat="51.650277" lon="6.96604">
        <ele>35.25</ele>
      </trkpt>
      <trkpt lat="51.650141" lon="6.965958">
        <ele>35.25</ele>
      </trkpt>
      <trkpt lat="51.650007" lon="6.965856">
        <ele>35</ele>
      </trkpt>
      <trkpt lat="51.649924" lon="6.965778">
        <ele>35</ele>
      </trkpt>
      <trkpt lat="51.649821" lon="6.965683">
        <ele>35.5</ele>
      </trkpt>
      <trkpt lat="51.649733" lon="6.965605">
        <ele>35.75</ele>
      </trkpt>
      <trkpt lat="51.64913" lon="6.965082">
        <ele>38</ele>
      </trkpt>
      <trkpt lat="51.648949" lon="6.964942">
        <ele>38</ele>
      </trkpt>
      <trkpt lat="51.648773" lon="6.96479">
        <ele>38.25</ele>
      </trkpt>
      <trkpt lat="51.64692" lon="6.963165">
        <ele>41</ele>
      </trkpt>
      <trkpt lat="51.646718" lon="6.962989">
        <ele>41.25</ele>
      </trkpt>
      <trkpt lat="51.645749" lon="6.96214">
        <ele>38</ele>
      </trkpt>
      <trkpt lat="51.643753" lon="6.960397">
        <ele>38</ele>
      </trkpt>
      <trkpt lat="51.642729" lon="6.959509">
        <ele>36.75</ele>
      </trkpt>
      <trkpt lat="51.642528" lon="6.959336">
        <ele>36.25</ele>
      </trkpt>
      <trkpt lat="51.642408" lon="6.959252">
        <ele>36.25</ele>
      </trkpt>
      <trkpt lat="51.64215" lon="6.959072">
        <ele>36.75</ele>
      </trkpt>
      <trkpt lat="51.641689" lon="6.958845">
        <ele>37.75</ele>
      </trkpt>
      <trkpt lat="51.641272" lon="6.958717">
        <ele>38.75</ele>
      </trkpt>
      <trkpt lat="51.640861" lon="6.95864">
        <ele>39.75</ele>
      </trkpt>
      <trkpt lat="51.640407" lon="6.958641">
        <ele>40.5</ele>
      </trkpt>
      <trkpt lat="51.640117" lon="6.958677">
        <ele>40.75</ele>
      </trkpt>
      <trkpt lat="51.639665" lon="6.958783">
        <ele>41.25</ele>
      </trkpt>
      <trkpt lat="51.638665" lon="6.959013">
        <ele>42.5</ele>
      </trkpt>
      <trkpt lat="51.638466" lon="6.959066">
        <ele>42.75</ele>
      </trkpt>
      <trkpt lat="51.637965" lon="6.959199">
        <ele>42.75</ele>
      </trkpt>
      <trkpt lat="51.637455" lon="6.959311">
        <ele>42.75</ele>
      </trkpt>
      <trkpt lat="51.637197" lon="6.959319">
        <ele>42.5</ele>
      </trkpt>
      <trkpt lat="51.636936" lon="6.959303">
        <ele>42.25</ele>
      </trkpt>
      <trkpt lat="51.636648" lon="6.959242">
        <ele>41.75</ele>
      </trkpt>
      <trkpt lat="51.636352" lon="6.959123">
        <ele>41.5</ele>
      </trkpt>
      <trkpt lat="51.635991" lon="6.958958">
        <ele>41</ele>
      </trkpt>
      <trkpt lat="51.635553" lon="6.958769">
        <ele>40.5</ele>
      </trkpt>
      <trkpt lat="51.635201" lon="6.958636">
        <ele>40</ele>
      </trkpt>
      <trkpt lat="51.633728" lon="6.958243">
        <ele>39</ele>
      </trkpt>
      <trkpt lat="51.631585" lon="6.957703">
        <ele>39</ele>
      </trkpt>
      <trkpt lat="51.63119" lon="6.957599">
        <ele>39.5</ele>
      </trkpt>
      <trkpt lat="51.630825" lon="6.95751">
        <ele>39.75</ele>
      </trkpt>
      <trkpt lat="51.630507" lon="6.957428">
        <ele>40</ele>
      </trkpt>
      <trkpt lat="51.629075" lon="6.957061">
        <ele>39.75</ele>
      </trkpt>
      <trkpt lat="51.629002" lon="6.957037">
        <ele>39.75</ele>
      </trkpt>
      <trkpt lat="51.628925" lon="6.957007">
        <ele>39.5</ele>
      </trkpt>
      <trkpt lat="51.628836" lon="6.956974">
        <ele>39.5</ele>
      </trkpt>
      <trkpt lat="51.6244" lon="6.955319">
        <ele>39.25</ele>
      </trkpt>
      <trkpt lat="51.624129" lon="6.955231">
        <ele>39.25</ele>
      </trkpt>
      <trkpt lat="51.623598" lon="6.955031">
        <ele>39.5</ele>
      </trkpt>
      <trkpt lat="51.6233" lon="6.95492">
        <ele>40</ele>
      </trkpt>
      <trkpt lat="51.622253" lon="6.95451">
        <ele>42.5</ele>
      </trkpt>
      <trkpt lat="51.620946" lon="6.954021">
        <ele>44.5</ele>
      </trkpt>
      <trkpt lat="51.62091" lon="6.956389">
        <ele>43.25</ele>
      </trkpt>
      <trkpt lat="51.62088" lon="6.956726">
        <ele>43</ele>
      </trkpt>
      <trkpt lat="51.620814" lon="6.956993">
        <ele>43</ele>
      </trkpt>
      <trkpt lat="51.620359" lon="6.958316">
        <ele>45.25</ele>
      </trkpt>
      <trkpt lat="51.619974" lon="6.959435">
        <ele>48.25</ele>
      </trkpt>
      <trkpt lat="51.619572" lon="6.960652">
        <ele>49</ele>
      </trkpt>
      <trkpt lat="51.619504" lon="6.960839">
        <ele>48.75</ele>
      </trkpt>
      <trkpt lat="51.619399" lon="6.961126">
        <ele>48</ele>
      </trkpt>
      <trkpt lat="51.619068" lon="6.961955">
        <ele>47</ele>
      </trkpt>
      <trkpt lat="51.618725" lon="6.962753">
        <ele>47</ele>
      </trkpt>
      <trkpt lat="51.618281" lon="6.963761">
        <ele>46</ele>
      </trkpt>
      <trkpt lat="51.618164" lon="6.963988">
        <ele>46.25</ele>
      </trkpt>
      <trkpt lat="51.617956" lon="6.964254">
        <ele>47</ele>
      </trkpt>
      <trkpt lat="51.617863" lon="6.964342">
        <ele>47.25</ele>
      </trkpt>
      <trkpt lat="51.617747" lon="6.964453">
        <ele>47.75</ele>
      </trkpt>
      <trkpt lat="51.615742" lon="6.966032">
        <ele>51.25</ele>
      </trkpt>
      <trkpt lat="51.615542" lon="6.966192">
        <ele>51.5</ele>
      </trkpt>
      <trkpt lat="51.614096" lon="6.967349">
        <ele>54</ele>
      </trkpt>
      <trkpt lat="51.614217" lon="6.967565">
        <ele>53.75</ele>
      </trkpt>
      <trkpt lat="51.614321" lon="6.967734">
        <ele>53.75</ele>
      </trkpt>
      <trkpt lat="51.614428" lon="6.967884">
        <ele>53.5</ele>
      </trkpt>
      <trkpt lat="51.615149" lon="6.968789">
        <ele>51.5</ele>
      </trkpt>
      <trkpt lat="51.615629" lon="6.969392">
        <ele>51.25</ele>
      </trkpt>
      <trkpt lat="51.615888" lon="6.969718">
        <ele>51.25</ele>
      </trkpt>
      <trkpt lat="51.615853" lon="6.969769">
        <ele>51.25</ele>
      </trkpt>
      <trkpt lat="51.615583" lon="6.970171">
        <ele>51.5</ele>
      </trkpt>
      <trkpt lat="51.61547" lon="6.97034">
        <ele>52</ele>
      </trkpt>
      <trkpt lat="51.615383" lon="6.970476">
        <ele>52.25</ele>
      </trkpt>
      <trkpt lat="51.615151" lon="6.970209">
        <ele>52.5</ele>
      </trkpt>
      <trkpt lat="51.61501" lon="6.970021">
        <ele>52.75</ele>
      </trkpt>
      <trkpt lat="51.614972" lon="6.96997">
        <ele>53</ele>
      </trkpt>
      <trkpt lat="51.614763" lon="6.969716">
        <ele>53.5</ele>
      </trkpt>
      <trkpt lat="51.614181" lon="6.968987">
        <ele>54.75</ele>
      </trkpt>
      <trkpt lat="51.613708" lon="6.968389">
        <ele>57</ele>
      </trkpt>
      <trkpt lat="51.613589" lon="6.968196">
        <ele>57.25</ele>
      </trkpt>
      <trkpt lat="51.613415" lon="6.96789">
        <ele>57.5</ele>
      </trkpt>
      <trkpt lat="51.613576" lon="6.967762">
        <ele>56.5</ele>
      </trkpt>
      <trkpt lat="51.613709" lon="6.967656">
        <ele>55.75</ele>
      </trkpt>
      <trkpt lat="51.614058" lon="6.967379">
        <ele>54.25</ele>
      </trkpt>
      <trkpt lat="51.614096" lon="6.967349">
        <ele>54</ele>
      </trkpt>
      <trkpt lat="51.613969" lon="6.96708">
        <ele>54</ele>
      </trkpt>
      <trkpt lat="51.613965" lon="6.967071">
        <ele>54.25</ele>
      </trkpt>
      <trkpt lat="51.613814" lon="6.966688">
        <ele>54.25</ele>
      </trkpt>
      <trkpt lat="51.613686" lon="6.966263">
        <ele>55</ele>
      </trkpt>
      <trkpt lat="51.613139" lon="6.964106">
        <ele>56.25</ele>
      </trkpt>
      <trkpt lat="51.613107" lon="6.964006">
        <ele>56.25</ele>
      </trkpt>
      <trkpt lat="51.613069" lon="6.963913">
        <ele>56.25</ele>
      </trkpt>
      <trkpt lat="51.612992" lon="6.963758">
        <ele>56.25</ele>
      </trkpt>
      <trkpt lat="51.612946" lon="6.963693">
        <ele>56.25</ele>
      </trkpt>
      <trkpt lat="51.612804" lon="6.963549">
        <ele>56.5</ele>
      </trkpt>
      <trkpt lat="51.612703" lon="6.963477">
        <ele>56.5</ele>
      </trkpt>
      <trkpt lat="51.612575" lon="6.963434">
        <ele>56.75</ele>
      </trkpt>
      <trkpt lat="51.612329" lon="6.96342">
        <ele>57.25</ele>
      </trkpt>
      <trkpt lat="51.612206" lon="6.963391">
        <ele>57.75</ele>
      </trkpt>
      <trkpt lat="51.612019" lon="6.963266">
        <ele>58</ele>
      </trkpt>
      <trkpt lat="51.611931" lon="6.963162">
        <ele>58</ele>
      </trkpt>
      <trkpt lat="51.611838" lon="6.963028">
        <ele>58.25</ele>
      </trkpt>
      <trkpt lat="51.611768" lon="6.962873">
        <ele>58.5</ele>
      </trkpt>
      <trkpt lat="51.611705" lon="6.962701">
        <ele>58.75</ele>
      </trkpt>
      <trkpt lat="51.61122" lon="6.959789">
        <ele>57.75</ele>
      </trkpt>
      <trkpt lat="51.611047" lon="6.958715">
        <ele>56.5</ele>
      </trkpt>
      <trkpt lat="51.61093" lon="6.958005">
        <ele>56.25</ele>
      </trkpt>
      <trkpt lat="51.610766" lon="6.958151">
        <ele>56.75</ele>
      </trkpt>
      <trkpt lat="51.61028" lon="6.95859">
        <ele>57.75</ele>
      </trkpt>
      <trkpt lat="51.610165" lon="6.958692">
        <ele>57.75</ele>
      </trkpt>
      <trkpt lat="51.610108" lon="6.958741">
        <ele>57.75</ele>
      </trkpt>
      <trkpt lat="51.610108" lon="6.958741">
        <ele>57.75</ele>
      </trkpt>
      <trkpt lat="51.609972" lon="6.958861">
        <ele>58</ele>
      </trkpt>
      <trkpt lat="51.609427" lon="6.959266">
        <ele>57.75</ele>
      </trkpt>
      <trkpt lat="51.609072" lon="6.959484">
        <ele>57.75</ele>
      </trkpt>
      <trkpt lat="51.608932" lon="6.959557">
        <ele>58.25</ele>
      </trkpt>
      <trkpt lat="51.608547" lon="6.959739">
        <ele>59.5</ele>
      </trkpt>
      <trkpt lat="51.608358" lon="6.959823">
        <ele>60</ele>
      </trkpt>
      <trkpt lat="51.607931" lon="6.95999">
        <ele>60.25</ele>
      </trkpt>
      <trkpt lat="51.60791" lon="6.959994">
        <ele>60.5</ele>
      </trkpt>
      <trkpt lat="51.60749" lon="6.960072">
        <ele>61</ele>
      </trkpt>
      <trkpt lat="51.607211" lon="6.960078">
        <ele>61.5</ele>
      </trkpt>
      <trkpt lat="51.606933" lon="6.960084">
        <ele>62.25</ele>
      </trkpt>
      <trkpt lat="51.606147" lon="6.960105">
        <ele>64.25</ele>
      </trkpt>
      <trkpt lat="51.605968" lon="6.960108">
        <ele>64.75</ele>
      </trkpt>
      <trkpt lat="51.60567" lon="6.960123">
        <ele>67.25</ele>
      </trkpt>
      <trkpt lat="51.605571" lon="6.960131">
        <ele>68.25</ele>
      </trkpt>
      <trkpt lat="51.605514" lon="6.960138">
        <ele>69</ele>
      </trkpt>
      <trkpt lat="51.605114" lon="6.9602">
        <ele>74</ele>
      </trkpt>
      <trkpt lat="51.605008" lon="6.960239">
        <ele>75.25</ele>
      </trkpt>
      <trkpt lat="51.604604" lon="6.960392">
        <ele>76</ele>
      </trkpt>
      <trkpt lat="51.604088" lon="6.960642">
        <ele>76.25</ele>
      </trkpt>
      <trkpt lat="51.603729" lon="6.960837">
        <ele>75.25</ele>
      </trkpt>
      <trkpt lat="51.601889" lon="6.961821">
        <ele>69.75</ele>
      </trkpt>
      <trkpt lat="51.599932" lon="6.962873">
        <ele>58</ele>
      </trkpt>
      <trkpt lat="51.599348" lon="6.963181">
        <ele>58.75</ele>
      </trkpt>
      <trkpt lat="51.599329" lon="6.963323">
        <ele>58.75</ele>
      </trkpt>
      <trkpt lat="51.599316" lon="6.963459">
        <ele>58.75</ele>
      </trkpt>
      <trkpt lat="51.59913" lon="6.965073">
        <ele>61</ele>
      </trkpt>
      <trkpt lat="51.599099" lon="6.965297">
        <ele>61.5</ele>
      </trkpt>
      <trkpt lat="51.599047" lon="6.965538">
        <ele>62</ele>
      </trkpt>
      <trkpt lat="51.598998" lon="6.965676">
        <ele>62.25</ele>
      </trkpt>
      <trkpt lat="51.598925" lon="6.965839">
        <ele>62.5</ele>
      </trkpt>
      <trkpt lat="51.598699" lon="6.966187">
        <ele>63.25</ele>
      </trkpt>
      <trkpt lat="51.598666" lon="6.966248">
        <ele>63.25</ele>
      </trkpt>
      <trkpt lat="51.59862" lon="6.966393">
        <ele>63.5</ele>
      </trkpt>
      <trkpt lat="51.598619" lon="6.966511">
        <ele>63.75</ele>
      </trkpt>
      <trkpt lat="51.598637" lon="6.966666">
        <ele>64.25</ele>
      </trkpt>
      <trkpt lat="51.598767" lon="6.967091">
        <ele>64.25</ele>
      </trkpt>
      <trkpt lat="51.598809" lon="6.967316">
        <ele>64</ele>
      </trkpt>
      <trkpt lat="51.598819" lon="6.967428">
        <ele>64</ele>
      </trkpt>
      <trkpt lat="51.598819" lon="6.967537">
        <ele>63.75</ele>
      </trkpt>
      <trkpt lat="51.59877" lon="6.968044">
        <ele>63.75</ele>
      </trkpt>
      <trkpt lat="51.598732" lon="6.968379">
        <ele>64</ele>
      </trkpt>
      <trkpt lat="51.598565" lon="6.969914">
        <ele>64</ele>
      </trkpt>
      <trkpt lat="51.598525" lon="6.970283">
        <ele>64.25</ele>
      </trkpt>
      <trkpt lat="51.598511" lon="6.9704">
        <ele>64.25</ele>
      </trkpt>
      <trkpt lat="51.598089" lon="6.970633">
        <ele>65</ele>
      </trkpt>
      <trkpt lat="51.597841" lon="6.970798">
        <ele>65</ele>
      </trkpt>
      <trkpt lat="51.59733" lon="6.971172">
        <ele>64.5</ele>
      </trkpt>
      <trkpt lat="51.596683" lon="6.971692">
        <ele>64</ele>
      </trkpt>
      <trkpt lat="51.595662" lon="6.972355">
        <ele>63.75</ele>
      </trkpt>
      <trkpt lat="51.595491" lon="6.972466">
        <ele>63.75</ele>
      </trkpt>
      <trkpt lat="51.595351" lon="6.972491">
        <ele>63.75</ele>
      </trkpt>
      <trkpt lat="51.595333" lon="6.972434">
        <ele>63.75</ele>
      </trkpt>
      <trkpt lat="51.595297" lon="6.972394">
        <ele>63.75</ele>
      </trkpt>
      <trkpt lat="51.595257" lon="6.972387">
        <ele>63.75</ele>
      </trkpt>
      <trkpt lat="51.59522" lon="6.97241">
        <ele>63.75</ele>
      </trkpt>
      <trkpt lat="51.595194" lon="6.972459">
        <ele>63.75</ele>
      </trkpt>
      <trkpt lat="51.595184" lon="6.972533">
        <ele>64</ele>
      </trkpt>
      <trkpt lat="51.595096" lon="6.97258">
        <ele>64</ele>
      </trkpt>
      <trkpt lat="51.59426" lon="6.97313">
        <ele>68.25</ele>
      </trkpt>
      <trkpt lat="51.594091" lon="6.973192">
        <ele>69</ele>
      </trkpt>
      <trkpt lat="51.594015" lon="6.973274">
        <ele>69.5</ele>
      </trkpt>
      <trkpt lat="51.593806" lon="6.97341">
        <ele>69.75</ele>
      </trkpt>
      <trkpt lat="51.593806" lon="6.97341">
        <ele>69.75</ele>
      </trkpt>
      <trkpt lat="51.593149" lon="6.973839">
        <ele>71.5</ele>
      </trkpt>
      <trkpt lat="51.59302" lon="6.973888">
        <ele>71.75</ele>
      </trkpt>
      <trkpt lat="51.59288" lon="6.974004">
        <ele>71.5</ele>
      </trkpt>
      <trkpt lat="51.592737" lon="6.974096">
        <ele>71.5</ele>
      </trkpt>
      <trkpt lat="51.591972" lon="6.974591">
        <ele>73.75</ele>
      </trkpt>
      <trkpt lat="51.591855" lon="6.974629">
        <ele>74.75</ele>
      </trkpt>
      <trkpt lat="51.591757" lon="6.974662">
        <ele>75.5</ele>
      </trkpt>
      <trkpt lat="51.590616" lon="6.975517">
        <ele>78.75</ele>
      </trkpt>
      <trkpt lat="51.590185" lon="6.97581">
        <ele>78.25</ele>
      </trkpt>
      <trkpt lat="51.58979" lon="6.976059">
        <ele>77</ele>
      </trkpt>
      <trkpt lat="51.588964" lon="6.976608">
        <ele>72.75</ele>
      </trkpt>
      <trkpt lat="51.588776" lon="6.976733">
        <ele>72.25</ele>
      </trkpt>
      <trkpt lat="51.588733" lon="6.976762">
        <ele>72.25</ele>
      </trkpt>
      <trkpt lat="51.588671" lon="6.9768">
        <ele>72</ele>
      </trkpt>
      <trkpt lat="51.588613" lon="6.976851">
        <ele>72</ele>
      </trkpt>
      <trkpt lat="51.588561" lon="6.976947">
        <ele>71.75</ele>
      </trkpt>
      <trkpt lat="51.588579" lon="6.976987">
        <ele>71.75</ele>
      </trkpt>
      <trkpt lat="51.588614" lon="6.977106">
        <ele>71.75</ele>
      </trkpt>
      <trkpt lat="51.588658" lon="6.977255">
        <ele>71.5</ele>
      </trkpt>
      <trkpt lat="51.588696" lon="6.977381">
        <ele>71.5</ele>
      </trkpt>
      <trkpt lat="51.588737" lon="6.977488">
        <ele>71.25</ele>
      </trkpt>
      <trkpt lat="51.588872" lon="6.977748">
        <ele>71</ele>
      </trkpt>
      <trkpt lat="51.589045" lon="6.97801">
        <ele>70.5</ele>
      </trkpt>
      <trkpt lat="51.589184" lon="6.978172">
        <ele>70.25</ele>
      </trkpt>
      <trkpt lat="51.589384" lon="6.978323">
        <ele>70.75</ele>
      </trkpt>
      <trkpt lat="51.589582" lon="6.978455">
        <ele>71.25</ele>
      </trkpt>
      <trkpt lat="51.589855" lon="6.978602">
        <ele>72.25</ele>
      </trkpt>
      <trkpt lat="51.59005" lon="6.978682">
        <ele>72.75</ele>
      </trkpt>
      <trkpt lat="51.590336" lon="6.978779">
        <ele>72.75</ele>
      </trkpt>
      <trkpt lat="51.590378" lon="6.978835">
        <ele>72.75</ele>
      </trkpt>
      <trkpt lat="51.590407" lon="6.97897">
        <ele>72.75</ele>
      </trkpt>
      <trkpt lat="51.59041" lon="6.97903">
        <ele>72.75</ele>
      </trkpt>
      <trkpt lat="51.590413" lon="6.979075">
        <ele>72.75</ele>
      </trkpt>
      <trkpt lat="51.590447" lon="6.979576">
        <ele>73.5</ele>
      </trkpt>
      <trkpt lat="51.590468" lon="6.979886">
        <ele>73.75</ele>
      </trkpt>
      <trkpt lat="51.590532" lon="6.980808">
        <ele>74.25</ele>
      </trkpt>
      <trkpt lat="51.590641" lon="6.982612">
        <ele>74.75</ele>
      </trkpt>
      <trkpt lat="51.59066" lon="6.982816">
        <ele>74.75</ele>
      </trkpt>
      <trkpt lat="51.590662" lon="6.982971">
        <ele>74.5</ele>
      </trkpt>
      <trkpt lat="51.590683" lon="6.983401">
        <ele>74.25</ele>
      </trkpt>
      <trkpt lat="51.590721" lon="6.983851">
        <ele>74.5</ele>
      </trkpt>
      <trkpt lat="51.590732" lon="6.983931">
        <ele>74.5</ele>
      </trkpt>
      <trkpt lat="51.590735" lon="6.983947">
        <ele>74.5</ele>
      </trkpt>
      <trkpt lat="51.590738" lon="6.983963">
        <ele>74.5</ele>
      </trkpt>
      <trkpt lat="51.590749" lon="6.984033">
        <ele>74.75</ele>
      </trkpt>
      <trkpt lat="51.590817" lon="6.984444">
        <ele>74.75</ele>
      </trkpt>
      <trkpt lat="51.590833" lon="6.984537">
        <ele>74.75</ele>
      </trkpt>
      <trkpt lat="51.590862" lon="6.984716">
        <ele>74.75</ele>
      </trkpt>
      <trkpt lat="51.590882" lon="6.984832">
        <ele>74.75</ele>
      </trkpt>
      <trkpt lat="51.590846" lon="6.984849">
        <ele>74.75</ele>
      </trkpt>
      <trkpt lat="51.590815" lon="6.984885">
        <ele>75</ele>
      </trkpt>
      <trkpt lat="51.590797" lon="6.984922">
        <ele>75</ele>
      </trkpt>
      <trkpt lat="51.590785" lon="6.984966">
        <ele>75</ele>
      </trkpt>
      <trkpt lat="51.590781" lon="6.985013">
        <ele>75</ele>
      </trkpt>
      <trkpt lat="51.59071" lon="6.985009">
        <ele>75</ele>
      </trkpt>
      <trkpt lat="51.590611" lon="6.985002">
        <ele>75.25</ele>
      </trkpt>
      <trkpt lat="51.590253" lon="6.984992">
        <ele>75.5</ele>
      </trkpt>
      <trkpt lat="51.590129" lon="6.984986">
        <ele>75.75</ele>
      </trkpt>
      <trkpt lat="51.590077" lon="6.984984">
        <ele>75.75</ele>
      </trkpt>
      <trkpt lat="51.589965" lon="6.984972">
        <ele>75.75</ele>
      </trkpt>
      <trkpt lat="51.589741" lon="6.984978">
        <ele>74.75</ele>
      </trkpt>
      <trkpt lat="51.589607" lon="6.98501">
        <ele>74.5</ele>
      </trkpt>
      <trkpt lat="51.589429" lon="6.985067">
        <ele>73.75</ele>
      </trkpt>
      <trkpt lat="51.589138" lon="6.985202">
        <ele>72.75</ele>
      </trkpt>
      <trkpt lat="51.588801" lon="6.985361">
        <ele>72</ele>
      </trkpt>
      <trkpt lat="51.588715" lon="6.985396">
        <ele>71.75</ele>
      </trkpt>
      <trkpt lat="51.58868" lon="6.985411">
        <ele>71.75</ele>
      </trkpt>
      <trkpt lat="51.588606" lon="6.985443">
        <ele>71.5</ele>
      </trkpt>
      <trkpt lat="51.588424" lon="6.985524">
        <ele>71.25</ele>
      </trkpt>
      <trkpt lat="51.588302" lon="6.985575">
        <ele>71.25</ele>
      </trkpt>
      <trkpt lat="51.588115" lon="6.985654">
        <ele>71.25</ele>
      </trkpt>
      <trkpt lat="51.587796" lon="6.985788">
        <ele>71.25</ele>
      </trkpt>
      <trkpt lat="51.586705" lon="6.986285">
        <ele>68.25</ele>
      </trkpt>
      <trkpt lat="51.5866" lon="6.986333">
        <ele>68</ele>
      </trkpt>
      <trkpt lat="51.586496" lon="6.986379">
        <ele>68</ele>
      </trkpt>
      <trkpt lat="51.583393" lon="6.987818">
        <ele>62.5</ele>
      </trkpt>
      <trkpt lat="51.583242" lon="6.987888">
        <ele>62.25</ele>
      </trkpt>
      <trkpt lat="51.582537" lon="6.988226">
        <ele>61.75</ele>
      </trkpt>
      <trkpt lat="51.582192" lon="6.988392">
        <ele>63.25</ele>
      </trkpt>
      <trkpt lat="51.582056" lon="6.98846">
        <ele>64</ele>
      </trkpt>
      <trkpt lat="51.581952" lon="6.988525">
        <ele>64.5</ele>
      </trkpt>
      <trkpt lat="51.581983" lon="6.988719">
        <ele>64.25</ele>
      </trkpt>
      <trkpt lat="51.581987" lon="6.988951">
        <ele>64.25</ele>
      </trkpt>
      <trkpt lat="51.581979" lon="6.989177">
        <ele>64.5</ele>
      </trkpt>
      <trkpt lat="51.581955" lon="6.989392">
        <ele>64.5</ele>
      </trkpt>
      <trkpt lat="51.581909" lon="6.989595">
        <ele>64.75</ele>
      </trkpt>
      <trkpt lat="51.581794" lon="6.9899">
        <ele>65.5</ele>
      </trkpt>
      <trkpt lat="51.581694" lon="6.990089">
        <ele>65.75</ele>
      </trkpt>
      <trkpt lat="51.581559" lon="6.990251">
        <ele>66</ele>
      </trkpt>
      <trkpt lat="51.581344" lon="6.990478">
        <ele>66.5</ele>
      </trkpt>
      <trkpt lat="51.580962" lon="6.99084">
        <ele>67.5</ele>
      </trkpt>
      <trkpt lat="51.580816" lon="6.99097">
        <ele>68</ele>
      </trkpt>
      <trkpt lat="51.580755" lon="6.990802">
        <ele>67.75</ele>
      </trkpt>
      <trkpt lat="51.580753" lon="6.990797">
        <ele>67.75</ele>
      </trkpt>
      <trkpt lat="51.580664" lon="6.990542">
        <ele>67.25</ele>
      </trkpt>
      <trkpt lat="51.580427" lon="6.989873">
        <ele>66.25</ele>
      </trkpt>
      <trkpt lat="51.580349" lon="6.989646">
        <ele>65.75</ele>
      </trkpt>
      <trkpt lat="51.580273" lon="6.989441">
        <ele>65.5</ele>
      </trkpt>
      <trkpt lat="51.580231" lon="6.989322">
        <ele>65.25</ele>
      </trkpt>
      <trkpt lat="51.580109" lon="6.988967">
        <ele>65</ele>
      </trkpt>
      <trkpt lat="51.580102" lon="6.988946">
        <ele>65</ele>
      </trkpt>
      <trkpt lat="51.579887" lon="6.988347">
        <ele>65</ele>
      </trkpt>
      <trkpt lat="51.579779" lon="6.988034">
        <ele>64.25</ele>
      </trkpt>
      <trkpt lat="51.579633" lon="6.987655">
        <ele>63.5</ele>
      </trkpt>
      <trkpt lat="51.579519" lon="6.987359">
        <ele>63.5</ele>
      </trkpt>
      <trkpt lat="51.579442" lon="6.987173">
        <ele>63.5</ele>
      </trkpt>
      <trkpt lat="51.579354" lon="6.986977">
        <ele>63.5</ele>
      </trkpt>
      <trkpt lat="51.579047" lon="6.986354">
        <ele>63.75</ele>
      </trkpt>
      <trkpt lat="51.578385" lon="6.985026">
        <ele>63.75</ele>
      </trkpt>
      <trkpt lat="51.577833" lon="6.983944">
        <ele>62.5</ele>
      </trkpt>
      <trkpt lat="51.577637" lon="6.983354">
        <ele>62</ele>
      </trkpt>
      <trkpt lat="51.577382" lon="6.982775">
        <ele>60.5</ele>
      </trkpt>
      <trkpt lat="51.577289" lon="6.982559">
        <ele>60</ele>
      </trkpt>
      <trkpt lat="51.57722" lon="6.982418">
        <ele>59.75</ele>
      </trkpt>
      <trkpt lat="51.576875" lon="6.981717">
        <ele>59.5</ele>
      </trkpt>
      <trkpt lat="51.576608" lon="6.981233">
        <ele>59.5</ele>
      </trkpt>
      <trkpt lat="51.576401" lon="6.98088">
        <ele>59.5</ele>
      </trkpt>
      <trkpt lat="51.576163" lon="6.980502">
        <ele>60.25</ele>
      </trkpt>
      <trkpt lat="51.575843" lon="6.980033">
        <ele>61.75</ele>
      </trkpt>
      <trkpt lat="51.575802" lon="6.97997">
        <ele>61.75</ele>
      </trkpt>
      <trkpt lat="51.575696" lon="6.979807">
        <ele>61.75</ele>
      </trkpt>
      <trkpt lat="51.575615" lon="6.979691">
        <ele>61.75</ele>
      </trkpt>
      <trkpt lat="51.57549" lon="6.979522">
        <ele>61.75</ele>
      </trkpt>
      <trkpt lat="51.575178" lon="6.979161">
        <ele>62</ele>
      </trkpt>
      <trkpt lat="51.57491" lon="6.97888">
        <ele>61.75</ele>
      </trkpt>
      <trkpt lat="51.574646" lon="6.978643">
        <ele>61</ele>
      </trkpt>
      <trkpt lat="51.574495" lon="6.978506">
        <ele>60.75</ele>
      </trkpt>
      <trkpt lat="51.574522" lon="6.978432">
        <ele>60.75</ele>
      </trkpt>
      <trkpt lat="51.574727" lon="6.977891">
        <ele>60.75</ele>
      </trkpt>
      <trkpt lat="51.574727" lon="6.977891">
        <ele>60.75</ele>
      </trkpt>
      <trkpt lat="51.574801" lon="6.977698">
        <ele>60.75</ele>
      </trkpt>
      <trkpt lat="51.574925" lon="6.977801">
        <ele>61</ele>
      </trkpt>
      <trkpt lat="51.575068" lon="6.977917">
        <ele>61</ele>
      </trkpt>
      <trkpt lat="51.575341" lon="6.978138">
        <ele>61.5</ele>
      </trkpt>
      <trkpt lat="51.575391" lon="6.978141">
        <ele>61.5</ele>
      </trkpt>
      <trkpt lat="51.575449" lon="6.978083">
        <ele>61.5</ele>
      </trkpt>
      <trkpt lat="51.575514" lon="6.977827">
        <ele>61</ele>
      </trkpt>
      <trkpt lat="51.575491" lon="6.977704">
        <ele>60.75</ele>
      </trkpt>
      <trkpt lat="51.575249" lon="6.977488">
        <ele>60.5</ele>
      </trkpt>
      <trkpt lat="51.575011" lon="6.977288">
        <ele>60.5</ele>
      </trkpt>
      <trkpt lat="51.574924" lon="6.977371">
        <ele>60.5</ele>
      </trkpt>
      <trkpt lat="51.574916" lon="6.977389">
        <ele>60.5</ele>
      </trkpt>
      <trkpt lat="51.574801" lon="6.977698">
        <ele>60.75</ele>
      </trkpt>
      <trkpt lat="51.574522" lon="6.978432">
        <ele>60.75</ele>
      </trkpt>
      <trkpt lat="51.574495" lon="6.978506">
        <ele>60.75</ele>
      </trkpt>
      <trkpt lat="51.574366" lon="6.978394">
        <ele>60.25</ele>
      </trkpt>
      <trkpt lat="51.574272" lon="6.978313">
        <ele>59.75</ele>
      </trkpt>
      <trkpt lat="51.574181" lon="6.978233">
        <ele>59.75</ele>
      </trkpt>
      <trkpt lat="51.573882" lon="6.978021">
        <ele>59.75</ele>
      </trkpt>
      <trkpt lat="51.573778" lon="6.977909">
        <ele>59.5</ele>
      </trkpt>
      <trkpt lat="51.573567" lon="6.977664">
        <ele>59.25</ele>
      </trkpt>
      <trkpt lat="51.573479" lon="6.977538">
        <ele>59</ele>
      </trkpt>
      <trkpt lat="51.573332" lon="6.977339">
        <ele>58.75</ele>
      </trkpt>
      <trkpt lat="51.573088" lon="6.977009">
        <ele>58.5</ele>
      </trkpt>
      <trkpt lat="51.572946" lon="6.97679">
        <ele>58.5</ele>
      </trkpt>
      <trkpt lat="51.572869" lon="6.976651">
        <ele>58.5</ele>
      </trkpt>
      <trkpt lat="51.572806" lon="6.976538">
        <ele>58.25</ele>
      </trkpt>
      <trkpt lat="51.572679" lon="6.976245">
        <ele>57.75</ele>
      </trkpt>
      <trkpt lat="51.57264" lon="6.976133">
        <ele>57.5</ele>
      </trkpt>
      <trkpt lat="51.572337" lon="6.975249">
        <ele>56.25</ele>
      </trkpt>
      <trkpt lat="51.572292" lon="6.975152">
        <ele>56.25</ele>
      </trkpt>
      <trkpt lat="51.572244" lon="6.97507">
        <ele>56.25</ele>
      </trkpt>
      <trkpt lat="51.572078" lon="6.974856">
        <ele>56.25</ele>
      </trkpt>
      <trkpt lat="51.571929" lon="6.974662">
        <ele>56.25</ele>
      </trkpt>
      <trkpt lat="51.571545" lon="6.974212">
        <ele>56</ele>
      </trkpt>
      <trkpt lat="51.571116" lon="6.973709">
        <ele>56</ele>
      </trkpt>
      <trkpt lat="51.570917" lon="6.973492">
        <ele>56</ele>
      </trkpt>
      <trkpt lat="51.570829" lon="6.973397">
        <ele>56</ele>
      </trkpt>
      <trkpt lat="51.570462" lon="6.973038">
        <ele>55.25</ele>
      </trkpt>
      <trkpt lat="51.570326" lon="6.972938">
        <ele>55</ele>
      </trkpt>
      <trkpt lat="51.570224" lon="6.972889">
        <ele>55</ele>
      </trkpt>
      <trkpt lat="51.570149" lon="6.972833">
        <ele>55</ele>
      </trkpt>
      <trkpt lat="51.570047" lon="6.972818">
        <ele>55</ele>
      </trkpt>
      <trkpt lat="51.569913" lon="6.972857">
        <ele>55</ele>
      </trkpt>
      <trkpt lat="51.569758" lon="6.97294">
        <ele>55.5</ele>
      </trkpt>
      <trkpt lat="51.569647" lon="6.973033">
        <ele>55.75</ele>
      </trkpt>
      <trkpt lat="51.569535" lon="6.973072">
        <ele>56</ele>
      </trkpt>
      <trkpt lat="51.56939" lon="6.973091">
        <ele>56.25</ele>
      </trkpt>
      <trkpt lat="51.569273" lon="6.97307">
        <ele>56.5</ele>
      </trkpt>
      <trkpt lat="51.569129" lon="6.972964">
        <ele>56.75</ele>
      </trkpt>
      <trkpt lat="51.568788" lon="6.97261">
        <ele>56.25</ele>
      </trkpt>
      <trkpt lat="51.568232" lon="6.972051">
        <ele>54.75</ele>
      </trkpt>
      <trkpt lat="51.567689" lon="6.971507">
        <ele>53.75</ele>
      </trkpt>
      <trkpt lat="51.567635" lon="6.971407">
        <ele>53.25</ele>
      </trkpt>
      <trkpt lat="51.567583" lon="6.971265">
        <ele>52.75</ele>
      </trkpt>
      <trkpt lat="51.567527" lon="6.97101">
        <ele>52.25</ele>
      </trkpt>
      <trkpt lat="51.56748" lon="6.970206">
        <ele>52</ele>
      </trkpt>
      <trkpt lat="51.567484" lon="6.969899">
        <ele>51.75</ele>
      </trkpt>
      <trkpt lat="51.567476" lon="6.96969">
        <ele>51.25</ele>
      </trkpt>
      <trkpt lat="51.567461" lon="6.969586">
        <ele>51</ele>
      </trkpt>
      <trkpt lat="51.567412" lon="6.969337">
        <ele>50.5</ele>
      </trkpt>
      <trkpt lat="51.567205" lon="6.968822">
        <ele>50</ele>
      </trkpt>
      <trkpt lat="51.566824" lon="6.967906">
        <ele>49.5</ele>
      </trkpt>
      <trkpt lat="51.566686" lon="6.967514">
        <ele>49</ele>
      </trkpt>
      <trkpt lat="51.566269" lon="6.966493">
        <ele>49.75</ele>
      </trkpt>
      <trkpt lat="51.565973" lon="6.965785">
        <ele>49.75</ele>
      </trkpt>
      <trkpt lat="51.565606" lon="6.964905">
        <ele>50</ele>
      </trkpt>
      <trkpt lat="51.565508" lon="6.964678">
        <ele>50.25</ele>
      </trkpt>
      <trkpt lat="51.565411" lon="6.964457">
        <ele>50.5</ele>
      </trkpt>
      <trkpt lat="51.565325" lon="6.964273">
        <ele>50.5</ele>
      </trkpt>
      <trkpt lat="51.565211" lon="6.96403">
        <ele>50.5</ele>
      </trkpt>
      <trkpt lat="51.565027" lon="6.963647">
        <ele>50.5</ele>
      </trkpt>
      <trkpt lat="51.564993" lon="6.963578">
        <ele>50.5</ele>
      </trkpt>
      <trkpt lat="51.563784" lon="6.961141">
        <ele>51.5</ele>
      </trkpt>
      <trkpt lat="51.563229" lon="6.96002">
        <ele>52</ele>
      </trkpt>
      <trkpt lat="51.56273" lon="6.95902">
        <ele>50.5</ele>
      </trkpt>
      <trkpt lat="51.562684" lon="6.958928">
        <ele>50.25</ele>
      </trkpt>
      <trkpt lat="51.562149" lon="6.957853">
        <ele>50.75</ele>
      </trkpt>
      <trkpt lat="51.56159" lon="6.95672">
        <ele>51.75</ele>
      </trkpt>
      <trkpt lat="51.561452" lon="6.956371">
        <ele>50.5</ele>
      </trkpt>
      <trkpt lat="51.561238" lon="6.955674">
        <ele>48.5</ele>
      </trkpt>
      <trkpt lat="51.561085" lon="6.955138">
        <ele>47.5</ele>
      </trkpt>
      <trkpt lat="51.561049" lon="6.955005">
        <ele>47.25</ele>
      </trkpt>
      <trkpt lat="51.560584" lon="6.95323">
        <ele>47.25</ele>
      </trkpt>
      <trkpt lat="51.560461" lon="6.952757">
        <ele>47.5</ele>
      </trkpt>
      <trkpt lat="51.560394" lon="6.952473">
        <ele>48</ele>
      </trkpt>
      <trkpt lat="51.560187" lon="6.951676">
        <ele>50.25</ele>
      </trkpt>
      <trkpt lat="51.560043" lon="6.951112">
        <ele>50.25</ele>
      </trkpt>
      <trkpt lat="51.55996" lon="6.950857">
        <ele>50</ele>
      </trkpt>
      <trkpt lat="51.559785" lon="6.950403">
        <ele>49.5</ele>
      </trkpt>
      <trkpt lat="51.559661" lon="6.950124">
        <ele>49.25</ele>
      </trkpt>
      <trkpt lat="51.559489" lon="6.949819">
        <ele>49.5</ele>
      </trkpt>
      <trkpt lat="51.559122" lon="6.949232">
        <ele>50.75</ele>
      </trkpt>
      <trkpt lat="51.55901" lon="6.949054">
        <ele>50.75</ele>
      </trkpt>
      <trkpt lat="51.558786" lon="6.948691">
        <ele>50.5</ele>
      </trkpt>
      <trkpt lat="51.5584" lon="6.948147">
        <ele>50</ele>
      </trkpt>
      <trkpt lat="51.558165" lon="6.947836">
        <ele>49.5</ele>
      </trkpt>
      <trkpt lat="51.558099" lon="6.947748">
        <ele>49.5</ele>
      </trkpt>
      <trkpt lat="51.558035" lon="6.94766">
        <ele>49.5</ele>
      </trkpt>
      <trkpt lat="51.557995" lon="6.947604">
        <ele>49.5</ele>
      </trkpt>
      <trkpt lat="51.557639" lon="6.947109">
        <ele>49</ele>
      </trkpt>
      <trkpt lat="51.557327" lon="6.946655">
        <ele>48.25</ele>
      </trkpt>
      <trkpt lat="51.557026" lon="6.946273">
        <ele>47.25</ele>
      </trkpt>
      <trkpt lat="51.556982" lon="6.946222">
        <ele>47.25</ele>
      </trkpt>
      <trkpt lat="51.556637" lon="6.945827">
        <ele>47.75</ele>
      </trkpt>
      <trkpt lat="51.556553" lon="6.945744">
        <ele>47.5</ele>
      </trkpt>
      <trkpt lat="51.555844" lon="6.945034">
        <ele>44</ele>
      </trkpt>
      <trkpt lat="51.555264" lon="6.944452">
        <ele>41.75</ele>
      </trkpt>
      <trkpt lat="51.555196" lon="6.944388">
        <ele>41.5</ele>
      </trkpt>
      <trkpt lat="51.555082" lon="6.94428">
        <ele>41</ele>
      </trkpt>
      <trkpt lat="51.554908" lon="6.944109">
        <ele>41</ele>
      </trkpt>
      <trkpt lat="51.554256" lon="6.943447">
        <ele>41.75</ele>
      </trkpt>
      <trkpt lat="51.553968" lon="6.943171">
        <ele>42</ele>
      </trkpt>
      <trkpt lat="51.553736" lon="6.942852">
        <ele>42.25</ele>
      </trkpt>
      <trkpt lat="51.553495" lon="6.942601">
        <ele>42</ele>
      </trkpt>
      <trkpt lat="51.553466" lon="6.942568">
        <ele>42</ele>
      </trkpt>
      <trkpt lat="51.553334" lon="6.942429">
        <ele>42</ele>
      </trkpt>
      <trkpt lat="51.5532" lon="6.942294">
        <ele>41.75</ele>
      </trkpt>
      <trkpt lat="51.552957" lon="6.942065">
        <ele>41.5</ele>
      </trkpt>
      <trkpt lat="51.552699" lon="6.941896">
        <ele>41</ele>
      </trkpt>
      <trkpt lat="51.552468" lon="6.941653">
        <ele>40.75</ele>
      </trkpt>
      <trkpt lat="51.55243" lon="6.941614">
        <ele>40.75</ele>
      </trkpt>
      <trkpt lat="51.551874" lon="6.941038">
        <ele>40.75</ele>
      </trkpt>
      <trkpt lat="51.5517" lon="6.940853">
        <ele>40.75</ele>
      </trkpt>
      <trkpt lat="51.551611" lon="6.940754">
        <ele>41</ele>
      </trkpt>
      <trkpt lat="51.551331" lon="6.940469">
        <ele>40.75</ele>
      </trkpt>
      <trkpt lat="51.551206" lon="6.94033">
        <ele>40.5</ele>
      </trkpt>
      <trkpt lat="51.551098" lon="6.940217">
        <ele>40.5</ele>
      </trkpt>
      <trkpt lat="51.550819" lon="6.939944">
        <ele>40</ele>
      </trkpt>
      <trkpt lat="51.549966" lon="6.939123">
        <ele>43</ele>
      </trkpt>
      <trkpt lat="51.548821" lon="6.937976">
        <ele>46.25</ele>
      </trkpt>
      <trkpt lat="51.548597" lon="6.937742">
        <ele>46.5</ele>
      </trkpt>
      <trkpt lat="51.548389" lon="6.937572">
        <ele>46.75</ele>
      </trkpt>
      <trkpt lat="51.548113" lon="6.937415">
        <ele>47</ele>
      </trkpt>
      <trkpt lat="51.547889" lon="6.937333">
        <ele>47</ele>
      </trkpt>
      <trkpt lat="51.547855" lon="6.937321">
        <ele>47</ele>
      </trkpt>
      <trkpt lat="51.547738" lon="6.937278">
        <ele>47</ele>
      </trkpt>
      <trkpt lat="51.547688" lon="6.937263">
        <ele>47</ele>
      </trkpt>
      <trkpt lat="51.54738" lon="6.937178">
        <ele>47.5</ele>
      </trkpt>
      <trkpt lat="51.547339" lon="6.937167">
        <ele>47.75</ele>
      </trkpt>
      <trkpt lat="51.547244" lon="6.93714">
        <ele>48</ele>
      </trkpt>
      <trkpt lat="51.547102" lon="6.937098">
        <ele>48.25</ele>
      </trkpt>
      <trkpt lat="51.547063" lon="6.937087">
        <ele>48.5</ele>
      </trkpt>
      <trkpt lat="51.546564" lon="6.93694">
        <ele>49.25</ele>
      </trkpt>
      <trkpt lat="51.546171" lon="6.93683">
        <ele>48.5</ele>
      </trkpt>
      <trkpt lat="51.545498" lon="6.936608">
        <ele>47.75</ele>
      </trkpt>
      <trkpt lat="51.545172" lon="6.93646">
        <ele>47.5</ele>
      </trkpt>
      <trkpt lat="51.545009" lon="6.93636">
        <ele>47.25</ele>
      </trkpt>
      <trkpt lat="51.544974" lon="6.936338">
        <ele>47.25</ele>
      </trkpt>
      <trkpt lat="51.544946" lon="6.936321">
        <ele>47.25</ele>
      </trkpt>
      <trkpt lat="51.544852" lon="6.936254">
        <ele>47.25</ele>
      </trkpt>
      <trkpt lat="51.544525" lon="6.935994">
        <ele>47.75</ele>
      </trkpt>
      <trkpt lat="51.544027" lon="6.935564">
        <ele>49</ele>
      </trkpt>
      <trkpt lat="51.543991" lon="6.935532">
        <ele>49</ele>
      </trkpt>
      <trkpt lat="51.543907" lon="6.93546">
        <ele>49</ele>
      </trkpt>
      <trkpt lat="51.543538" lon="6.93515">
        <ele>49.5</ele>
      </trkpt>
      <trkpt lat="51.543368" lon="6.935007">
        <ele>49.75</ele>
      </trkpt>
      <trkpt lat="51.543195" lon="6.934866">
        <ele>49.5</ele>
      </trkpt>
      <trkpt lat="51.542896" lon="6.934599">
        <ele>48.5</ele>
      </trkpt>
      <trkpt lat="51.542819" lon="6.934531">
        <ele>48.5</ele>
      </trkpt>
      <trkpt lat="51.542739" lon="6.934466">
        <ele>48.25</ele>
      </trkpt>
      <trkpt lat="51.542706" lon="6.934439">
        <ele>48.25</ele>
      </trkpt>
      <trkpt lat="51.542234" lon="6.934056">
        <ele>47.25</ele>
      </trkpt>
      <trkpt lat="51.542143" lon="6.933985">
        <ele>47</ele>
      </trkpt>
      <trkpt lat="51.541845" lon="6.933812">
        <ele>46.25</ele>
      </trkpt>
      <trkpt lat="51.541732" lon="6.933762">
        <ele>46</ele>
      </trkpt>
      <trkpt lat="51.541664" lon="6.933735">
        <ele>45.75</ele>
      </trkpt>
      <trkpt lat="51.541572" lon="6.9337">
        <ele>45.75</ele>
      </trkpt>
      <trkpt lat="51.541191" lon="6.933586">
        <ele>45.25</ele>
      </trkpt>
      <trkpt lat="51.541049" lon="6.933547">
        <ele>45</ele>
      </trkpt>
      <trkpt lat="51.540696" lon="6.933458">
        <ele>44.5</ele>
      </trkpt>
      <trkpt lat="51.540219" lon="6.933337">
        <ele>44.25</ele>
      </trkpt>
      <trkpt lat="51.540001" lon="6.933282">
        <ele>44</ele>
      </trkpt>
      <trkpt lat="51.539811" lon="6.933228">
        <ele>44</ele>
      </trkpt>
      <trkpt lat="51.538966" lon="6.932985">
        <ele>44.5</ele>
      </trkpt>
      <trkpt lat="51.538895" lon="6.932966">
        <ele>44.5</ele>
      </trkpt>
      <trkpt lat="51.537952" lon="6.932697">
        <ele>44</ele>
      </trkpt>
      <trkpt lat="51.537742" lon="6.932613">
        <ele>43.5</ele>
      </trkpt>
      <trkpt lat="51.537404" lon="6.932458">
        <ele>42.75</ele>
      </trkpt>
      <trkpt lat="51.537375" lon="6.932444">
        <ele>42.75</ele>
      </trkpt>
      <trkpt lat="51.537307" lon="6.932413">
        <ele>42.5</ele>
      </trkpt>
      <trkpt lat="51.537249" lon="6.932381">
        <ele>42.5</ele>
      </trkpt>
      <trkpt lat="51.537195" lon="6.932352">
        <ele>42.25</ele>
      </trkpt>
      <trkpt lat="51.537164" lon="6.932335">
        <ele>42.25</ele>
      </trkpt>
      <trkpt lat="51.53685" lon="6.932162">
        <ele>41.75</ele>
      </trkpt>
      <trkpt lat="51.53673" lon="6.932096">
        <ele>41.5</ele>
      </trkpt>
      <trkpt lat="51.536379" lon="6.931902">
        <ele>42</ele>
      </trkpt>
      <trkpt lat="51.536135" lon="6.931768">
        <ele>42.75</ele>
      </trkpt>
      <trkpt lat="51.535876" lon="6.931624">
        <ele>43.75</ele>
      </trkpt>
      <trkpt lat="51.53575" lon="6.93155">
        <ele>44.25</ele>
      </trkpt>
      <trkpt lat="51.535302" lon="6.93132">
        <ele>46</ele>
      </trkpt>
      <trkpt lat="51.535266" lon="6.931301">
        <ele>46</ele>
      </trkpt>
      <trkpt lat="51.534822" lon="6.931068">
        <ele>47</ele>
      </trkpt>
      <trkpt lat="51.534698" lon="6.931004">
        <ele>47.25</ele>
      </trkpt>
      <trkpt lat="51.5346" lon="6.930966">
        <ele>47.5</ele>
      </trkpt>
      <trkpt lat="51.534454" lon="6.930914">
        <ele>48</ele>
      </trkpt>
      <trkpt lat="51.53384" lon="6.930696">
        <ele>49.25</ele>
      </trkpt>
      <trkpt lat="51.533763" lon="6.930668">
        <ele>49.25</ele>
      </trkpt>
      <trkpt lat="51.533451" lon="6.930557">
        <ele>49.75</ele>
      </trkpt>
      <trkpt lat="51.533086" lon="6.930426">
        <ele>49.75</ele>
      </trkpt>
      <trkpt lat="51.532934" lon="6.930369">
        <ele>49.75</ele>
      </trkpt>
      <trkpt lat="51.532424" lon="6.930174">
        <ele>49.5</ele>
      </trkpt>
      <trkpt lat="51.532297" lon="6.930126">
        <ele>49.5</ele>
      </trkpt>
      <trkpt lat="51.531935" lon="6.929984">
        <ele>49.25</ele>
      </trkpt>
      <trkpt lat="51.531534" lon="6.929839">
        <ele>48.5</ele>
      </trkpt>
      <trkpt lat="51.531429" lon="6.929803">
        <ele>48.25</ele>
      </trkpt>
      <trkpt lat="51.530957" lon="6.929639">
        <ele>47.5</ele>
      </trkpt>
      <trkpt lat="51.530849" lon="6.929604">
        <ele>47.5</ele>
      </trkpt>
      <trkpt lat="51.530169" lon="6.929383">
        <ele>48.25</ele>
      </trkpt>
      <trkpt lat="51.530051" lon="6.929361">
        <ele>48.25</ele>
      </trkpt>
      <trkpt lat="51.529532" lon="6.929278">
        <ele>48.75</ele>
      </trkpt>
      <trkpt lat="51.529301" lon="6.929241">
        <ele>48.75</ele>
      </trkpt>
      <trkpt lat="51.528974" lon="6.92919">
        <ele>49.25</ele>
      </trkpt>
      <trkpt lat="51.528831" lon="6.929168">
        <ele>49.75</ele>
      </trkpt>
      <trkpt lat="51.528154" lon="6.929056">
        <ele>50.75</ele>
      </trkpt>
      <trkpt lat="51.52766" lon="6.92898">
        <ele>50</ele>
      </trkpt>
      <trkpt lat="51.527567" lon="6.928966">
        <ele>50</ele>
      </trkpt>
      <trkpt lat="51.527374" lon="6.928936">
        <ele>50</ele>
      </trkpt>
      <trkpt lat="51.52727" lon="6.928922">
        <ele>50</ele>
      </trkpt>
      <trkpt lat="51.527073" lon="6.928894">
        <ele>50</ele>
      </trkpt>
      <trkpt lat="51.526868" lon="6.928866">
        <ele>50</ele>
      </trkpt>
      <trkpt lat="51.526759" lon="6.928853">
        <ele>50</ele>
      </trkpt>
      <trkpt lat="51.526457" lon="6.928821">
        <ele>50.5</ele>
      </trkpt>
      <trkpt lat="51.526409" lon="6.928822">
        <ele>50.5</ele>
      </trkpt>
      <trkpt lat="51.526251" lon="6.92881">
        <ele>50.75</ele>
      </trkpt>
      <trkpt lat="51.526185" lon="6.928779">
        <ele>51</ele>
      </trkpt>
      <trkpt lat="51.526123" lon="6.928708">
        <ele>51.25</ele>
      </trkpt>
      <trkpt lat="51.526094" lon="6.928647">
        <ele>51.25</ele>
      </trkpt>
      <trkpt lat="51.526069" lon="6.928592">
        <ele>51.25</ele>
      </trkpt>
      <trkpt lat="51.526024" lon="6.928493">
        <ele>51.5</ele>
      </trkpt>
      <trkpt lat="51.525982" lon="6.92845">
        <ele>51.5</ele>
      </trkpt>
      <trkpt lat="51.52593" lon="6.928437">
        <ele>51.75</ele>
      </trkpt>
      <trkpt lat="51.525825" lon="6.928552">
        <ele>52</ele>
      </trkpt>
      <trkpt lat="51.525719" lon="6.928654">
        <ele>52.25</ele>
      </trkpt>
      <trkpt lat="51.525642" lon="6.928709">
        <ele>52.25</ele>
      </trkpt>
      <trkpt lat="51.525564" lon="6.928734">
        <ele>52.5</ele>
      </trkpt>
      <trkpt lat="51.525467" lon="6.928748">
        <ele>52.75</ele>
      </trkpt>
      <trkpt lat="51.525261" lon="6.928753">
        <ele>53.25</ele>
      </trkpt>
      <trkpt lat="51.52509" lon="6.928795">
        <ele>53.75</ele>
      </trkpt>
      <trkpt lat="51.525041" lon="6.928816">
        <ele>53.75</ele>
      </trkpt>
      <trkpt lat="51.52497" lon="6.928848">
        <ele>54</ele>
      </trkpt>
      <trkpt lat="51.524842" lon="6.928934">
        <ele>54</ele>
      </trkpt>
      <trkpt lat="51.524806" lon="6.928968">
        <ele>54</ele>
      </trkpt>
      <trkpt lat="51.524648" lon="6.929113">
        <ele>54</ele>
      </trkpt>
      <trkpt lat="51.524488" lon="6.929262">
        <ele>53.75</ele>
      </trkpt>
      <trkpt lat="51.524336" lon="6.929429">
        <ele>53.75</ele>
      </trkpt>
      <trkpt lat="51.524159" lon="6.929617">
        <ele>53.25</ele>
      </trkpt>
      <trkpt lat="51.523886" lon="6.929872">
        <ele>52.5</ele>
      </trkpt>
      <trkpt lat="51.523808" lon="6.929911">
        <ele>52</ele>
      </trkpt>
      <trkpt lat="51.523775" lon="6.929929">
        <ele>52</ele>
      </trkpt>
      <trkpt lat="51.523738" lon="6.929948">
        <ele>52</ele>
      </trkpt>
      <trkpt lat="51.523629" lon="6.930003">
        <ele>51.5</ele>
      </trkpt>
      <trkpt lat="51.523483" lon="6.930069">
        <ele>51.25</ele>
      </trkpt>
      <trkpt lat="51.523339" lon="6.930127">
        <ele>51</ele>
      </trkpt>
      <trkpt lat="51.523219" lon="6.930177">
        <ele>50.75</ele>
      </trkpt>
      <trkpt lat="51.522963" lon="6.930259">
        <ele>50.5</ele>
      </trkpt>
      <trkpt lat="51.522749" lon="6.930344">
        <ele>50.5</ele>
      </trkpt>
      <trkpt lat="51.5227" lon="6.930363">
        <ele>50.5</ele>
      </trkpt>
      <trkpt lat="51.522552" lon="6.930422">
        <ele>50.5</ele>
      </trkpt>
      <trkpt lat="51.52244" lon="6.93047">
        <ele>50.5</ele>
      </trkpt>
      <trkpt lat="51.522214" lon="6.930568">
        <ele>51.25</ele>
      </trkpt>
      <trkpt lat="51.522082" lon="6.930622">
        <ele>51.5</ele>
      </trkpt>
      <trkpt lat="51.521449" lon="6.930874">
        <ele>51.25</ele>
      </trkpt>
      <trkpt lat="51.520697" lon="6.931167">
        <ele>49.25</ele>
      </trkpt>
      <trkpt lat="51.520371" lon="6.931303">
        <ele>49.25</ele>
      </trkpt>
      <trkpt lat="51.519655" lon="6.931575">
        <ele>49.5</ele>
      </trkpt>
      <trkpt lat="51.519487" lon="6.931643">
        <ele>49.5</ele>
      </trkpt>
      <trkpt lat="51.519376" lon="6.931694">
        <ele>49.75</ele>
      </trkpt>
      <trkpt lat="51.519046" lon="6.931826">
        <ele>50.5</ele>
      </trkpt>
      <trkpt lat="51.518664" lon="6.931983">
        <ele>51.75</ele>
      </trkpt>
      <trkpt lat="51.518156" lon="6.932187">
        <ele>53</ele>
      </trkpt>
      <trkpt lat="51.518129" lon="6.9322">
        <ele>53</ele>
      </trkpt>
      <trkpt lat="51.517787" lon="6.93237">
        <ele>54</ele>
      </trkpt>
      <trkpt lat="51.517418" lon="6.932603">
        <ele>54.75</ele>
      </trkpt>
      <trkpt lat="51.517012" lon="6.932873">
        <ele>54.75</ele>
      </trkpt>
      <trkpt lat="51.51625" lon="6.933533">
        <ele>52.5</ele>
      </trkpt>
      <trkpt lat="51.515565" lon="6.934059">
        <ele>49.75</ele>
      </trkpt>
      <trkpt lat="51.515517" lon="6.934121">
        <ele>49.5</ele>
      </trkpt>
      <trkpt lat="51.515475" lon="6.934192">
        <ele>49.5</ele>
      </trkpt>
      <trkpt lat="51.515442" lon="6.934253">
        <ele>49.25</ele>
      </trkpt>
      <trkpt lat="51.515393" lon="6.934381">
        <ele>48.75</ele>
      </trkpt>
      <trkpt lat="51.515275" lon="6.934635">
        <ele>48</ele>
      </trkpt>
      <trkpt lat="51.515225" lon="6.934721">
        <ele>47.75</ele>
      </trkpt>
      <trkpt lat="51.515069" lon="6.934995">
        <ele>47</ele>
      </trkpt>
      <trkpt lat="51.514955" lon="6.935174">
        <ele>46.5</ele>
      </trkpt>
      <trkpt lat="51.514702" lon="6.935506">
        <ele>45.75</ele>
      </trkpt>
      <trkpt lat="51.514047" lon="6.936323">
        <ele>43.25</ele>
      </trkpt>
      <trkpt lat="51.513509" lon="6.937029">
        <ele>42.75</ele>
      </trkpt>
      <trkpt lat="51.513192" lon="6.937411">
        <ele>42</ele>
      </trkpt>
      <trkpt lat="51.512961" lon="6.937691">
        <ele>41.5</ele>
      </trkpt>
      <trkpt lat="51.512578" lon="6.938111">
        <ele>40.5</ele>
      </trkpt>
      <trkpt lat="51.512513" lon="6.938183">
        <ele>40.25</ele>
      </trkpt>
      <trkpt lat="51.512414" lon="6.938331">
        <ele>39.75</ele>
      </trkpt>
      <trkpt lat="51.512319" lon="6.938159">
        <ele>40</ele>
      </trkpt>
      <trkpt lat="51.512284" lon="6.938097">
        <ele>40</ele>
      </trkpt>
      <trkpt lat="51.51214" lon="6.93784">
        <ele>40.25</ele>
      </trkpt>
      <trkpt lat="51.512006" lon="6.937697">
        <ele>40.25</ele>
      </trkpt>
      <trkpt lat="51.511849" lon="6.937572">
        <ele>40.25</ele>
      </trkpt>
      <trkpt lat="51.511748" lon="6.937536">
        <ele>40</ele>
      </trkpt>
      <trkpt lat="51.511617" lon="6.937498">
        <ele>39.75</ele>
      </trkpt>
      <trkpt lat="51.51145" lon="6.937451">
        <ele>39.75</ele>
      </trkpt>
      <trkpt lat="51.511414" lon="6.937436">
        <ele>39.75</ele>
      </trkpt>
      <trkpt lat="51.511281" lon="6.937369">
        <ele>39.5</ele>
      </trkpt>
      <trkpt lat="51.511134" lon="6.937281">
        <ele>39.5</ele>
      </trkpt>
      <trkpt lat="51.511021" lon="6.937192">
        <ele>39.5</ele>
      </trkpt>
      <trkpt lat="51.510545" lon="6.936727">
        <ele>38.5</ele>
      </trkpt>
      <trkpt lat="51.510539" lon="6.936721">
        <ele>37.3495084646631</ele>
      </trkpt>
      <trkpt lat="51.51027453176931" lon="6.936639381387948">
        <ele>35.49060239382359</ele>
      </trkpt>
      <trkpt lat="51.50990055541401" lon="6.936238223170054">
        <ele>34.57069135559749</ele>
      </trkpt>
      <trkpt lat="51.50985311331726" lon="6.936187332821731">
        <ele>34.685764652351594</ele>
      </trkpt>
      <trkpt lat="51.50952773984107" lon="6.935688660627742">
        <ele>35.73702999288302</ele>
      </trkpt>
      <trkpt lat="51.509471" lon="6.935609">
        <ele>35.25</ele>
      </trkpt>
      <trkpt lat="51.509423" lon="6.935559">
        <ele>35.25</ele>
      </trkpt>
      <trkpt lat="51.509352" lon="6.935478">
        <ele>35</ele>
      </trkpt>
      <trkpt lat="51.509243" lon="6.935361">
        <ele>34.5</ele>
      </trkpt>
      <trkpt lat="51.509181" lon="6.935284">
        <ele>34.25</ele>
      </trkpt>
      <trkpt lat="51.509114" lon="6.935195">
        <ele>34</ele>
      </trkpt>
      <trkpt lat="51.509015" lon="6.935007">
        <ele>33.75</ele>
      </trkpt>
      <trkpt lat="51.508912" lon="6.935012">
        <ele>33.5</ele>
      </trkpt>
      <trkpt lat="51.508829" lon="6.935021">
        <ele>33.5</ele>
      </trkpt>
      <trkpt lat="51.508787" lon="6.935025">
        <ele>33.25</ele>
      </trkpt>
      <trkpt lat="51.508496" lon="6.935055">
        <ele>33.25</ele>
      </trkpt>
      <trkpt lat="51.508066" lon="6.93508">
        <ele>33</ele>
      </trkpt>
      <trkpt lat="51.507628" lon="6.935077">
        <ele>33</ele>
      </trkpt>
      <trkpt lat="51.507514" lon="6.935077">
        <ele>33</ele>
      </trkpt>
      <trkpt lat="51.507355" lon="6.935079">
        <ele>33</ele>
      </trkpt>
      <trkpt lat="51.506573" lon="6.935094">
        <ele>33</ele>
      </trkpt>
      <trkpt lat="51.506179" lon="6.935105">
        <ele>34</ele>
      </trkpt>
      <trkpt lat="51.50547" lon="6.935101">
        <ele>36.25</ele>
      </trkpt>
      <trkpt lat="51.505269" lon="6.935105">
        <ele>37</ele>
      </trkpt>
      <trkpt lat="51.50486" lon="6.935142">
        <ele>37.75</ele>
      </trkpt>
      <trkpt lat="51.504658" lon="6.93518">
        <ele>37.5</ele>
      </trkpt>
      <trkpt lat="51.504272" lon="6.935313">
        <ele>36.75</ele>
      </trkpt>
      <trkpt lat="51.50409" lon="6.935385">
        <ele>36.25</ele>
      </trkpt>
      <trkpt lat="51.503881" lon="6.935491">
        <ele>35.75</ele>
      </trkpt>
      <trkpt lat="51.503774" lon="6.935546">
        <ele>35.5</ele>
      </trkpt>
      <trkpt lat="51.503688" lon="6.935606">
        <ele>35.25</ele>
      </trkpt>
      <trkpt lat="51.503455" lon="6.935788">
        <ele>35</ele>
      </trkpt>
      <trkpt lat="51.50325" lon="6.93598">
        <ele>35.5</ele>
      </trkpt>
      <trkpt lat="51.50323" lon="6.936001">
        <ele>36.25</ele>
      </trkpt>
      <trkpt lat="51.503174" lon="6.936061">
        <ele>36.25</ele>
      </trkpt>
      <trkpt lat="51.503116" lon="6.936125">
        <ele>36.25</ele>
      </trkpt>
      <trkpt lat="51.50292" lon="6.936366">
        <ele>37.25</ele>
      </trkpt>
      <trkpt lat="51.502872" lon="6.93643">
        <ele>37.5</ele>
      </trkpt>
      <trkpt lat="51.502811" lon="6.936508">
        <ele>37.75</ele>
      </trkpt>
      <trkpt lat="51.502756" lon="6.936595">
        <ele>38</ele>
      </trkpt>
      <trkpt lat="51.5026" lon="6.936881">
        <ele>38.5</ele>
      </trkpt>
      <trkpt lat="51.502497" lon="6.937104">
        <ele>38.75</ele>
      </trkpt>
      <trkpt lat="51.502392" lon="6.93737">
        <ele>38.75</ele>
      </trkpt>
      <trkpt lat="51.502308" lon="6.937619">
        <ele>38.75</ele>
      </trkpt>
      <trkpt lat="51.502198" lon="6.937995">
        <ele>38.5</ele>
      </trkpt>
      <trkpt lat="51.502114" lon="6.938322">
        <ele>38.5</ele>
      </trkpt>
      <trkpt lat="51.501719" lon="6.940247">
        <ele>40</ele>
      </trkpt>
      <trkpt lat="51.501553" lon="6.940988">
        <ele>40.25</ele>
      </trkpt>
      <trkpt lat="51.501508" lon="6.94117">
        <ele>40.5</ele>
      </trkpt>
      <trkpt lat="51.501341" lon="6.941797">
        <ele>41.5</ele>
      </trkpt>
      <trkpt lat="51.501246" lon="6.942074">
        <ele>41.5</ele>
      </trkpt>
      <trkpt lat="51.501157" lon="6.942314">
        <ele>41.25</ele>
      </trkpt>
      <trkpt lat="51.501016" lon="6.942638">
        <ele>41.25</ele>
      </trkpt>
      <trkpt lat="51.500781" lon="6.94313">
        <ele>40.25</ele>
      </trkpt>
      <trkpt lat="51.500307" lon="6.943927">
        <ele>38</ele>
      </trkpt>
      <trkpt lat="51.499961" lon="6.944429">
        <ele>36.25</ele>
      </trkpt>
      <trkpt lat="51.49963" lon="6.944876">
        <ele>34</ele>
      </trkpt>
      <trkpt lat="51.499566" lon="6.944953">
        <ele>33.75</ele>
      </trkpt>
      <trkpt lat="51.499441" lon="6.945109">
        <ele>33.25</ele>
      </trkpt>
      <trkpt lat="51.498997" lon="6.945677">
        <ele>34.25</ele>
      </trkpt>
      <trkpt lat="51.498659" lon="6.946123">
        <ele>37.25</ele>
      </trkpt>
      <trkpt lat="51.498332" lon="6.946574">
        <ele>40.5</ele>
      </trkpt>
      <trkpt lat="51.497746" lon="6.947507">
        <ele>40.5</ele>
      </trkpt>
      <trkpt lat="51.495972" lon="6.950438">
        <ele>39</ele>
      </trkpt>
      <trkpt lat="51.495772" lon="6.950774">
        <ele>39</ele>
      </trkpt>
      <trkpt lat="51.495545" lon="6.951122">
        <ele>38.75</ele>
      </trkpt>
      <trkpt lat="51.495349" lon="6.951421">
        <ele>39</ele>
      </trkpt>
      <trkpt lat="51.49522" lon="6.951619">
        <ele>39.25</ele>
      </trkpt>
      <trkpt lat="51.495148" lon="6.951703">
        <ele>39.5</ele>
      </trkpt>
      <trkpt lat="51.494984" lon="6.9519">
        <ele>40</ele>
      </trkpt>
      <trkpt lat="51.49486" lon="6.952029">
        <ele>40</ele>
      </trkpt>
      <trkpt lat="51.4947" lon="6.952185">
        <ele>40.25</ele>
      </trkpt>
      <trkpt lat="51.494502" lon="6.952359">
        <ele>40.5</ele>
      </trkpt>
      <trkpt lat="51.494276" lon="6.952537">
        <ele>40.75</ele>
      </trkpt>
      <trkpt lat="51.49375" lon="6.952922">
        <ele>39.75</ele>
      </trkpt>
      <trkpt lat="51.493605" lon="6.953043">
        <ele>39.25</ele>
      </trkpt>
      <trkpt lat="51.493437" lon="6.953204">
        <ele>39</ele>
      </trkpt>
      <trkpt lat="51.493148" lon="6.953528">
        <ele>38.5</ele>
      </trkpt>
      <trkpt lat="51.49286" lon="6.953942">
        <ele>37.75</ele>
      </trkpt>
      <trkpt lat="51.492634" lon="6.954327">
        <ele>37.25</ele>
      </trkpt>
      <trkpt lat="51.489172" lon="6.960964">
        <ele>36.25</ele>
      </trkpt>
      <trkpt lat="51.487998" lon="6.963251">
        <ele>37.5</ele>
      </trkpt>
      <trkpt lat="51.486811" lon="6.965665">
        <ele>36.75</ele>
      </trkpt>
      <trkpt lat="51.486572" lon="6.966193">
        <ele>36.5</ele>
      </trkpt>
      <trkpt lat="51.486283" lon="6.966903">
        <ele>36.25</ele>
      </trkpt>
      <trkpt lat="51.486173" lon="6.967253">
        <ele>36.75</ele>
      </trkpt>
      <trkpt lat="51.486065" lon="6.967358">
        <ele>37</ele>
      </trkpt>
      <trkpt lat="51.486031" lon="6.967382">
        <ele>37</ele>
      </trkpt>
      <trkpt lat="51.485994" lon="6.967386">
        <ele>37</ele>
      </trkpt>
      <trkpt lat="51.48594" lon="6.967351">
        <ele>36.75</ele>
      </trkpt>
      <trkpt lat="51.485872" lon="6.967252">
        <ele>36.5</ele>
      </trkpt>
      <trkpt lat="51.485922" lon="6.966803">
        <ele>36</ele>
      </trkpt>
      <trkpt lat="51.485926" lon="6.966546">
        <ele>36</ele>
      </trkpt>
      <trkpt lat="51.485926" lon="6.966408">
        <ele>36.25</ele>
      </trkpt>
      <trkpt lat="51.485969" lon="6.966035">
        <ele>36.75</ele>
      </trkpt>
      <trkpt lat="51.486079" lon="6.965103">
        <ele>37</ele>
      </trkpt>
      <trkpt lat="51.486186" lon="6.964194">
        <ele>37</ele>
      </trkpt>
      <trkpt lat="51.486208" lon="6.963985">
        <ele>37</ele>
      </trkpt>
      <trkpt lat="51.486231" lon="6.963655">
        <ele>37.25</ele>
      </trkpt>
      <trkpt lat="51.486228" lon="6.963472">
        <ele>37.25</ele>
      </trkpt>
      <trkpt lat="51.486216" lon="6.963364">
        <ele>37.5</ele>
      </trkpt>
      <trkpt lat="51.486178" lon="6.963151">
        <ele>37.5</ele>
      </trkpt>
      <trkpt lat="51.48612" lon="6.962843">
        <ele>37.75</ele>
      </trkpt>
      <trkpt lat="51.486097" lon="6.962714">
        <ele>37.75</ele>
      </trkpt>
      <trkpt lat="51.486096" lon="6.962703">
        <ele>37.5</ele>
      </trkpt>
      <trkpt lat="51.486071" lon="6.962379">
        <ele>37.5</ele>
      </trkpt>
      <trkpt lat="51.486041" lon="6.962084">
        <ele>37.75</ele>
      </trkpt>
      <trkpt lat="51.485946" lon="6.96217">
        <ele>37.75</ele>
      </trkpt>
      <trkpt lat="51.485866" lon="6.962233">
        <ele>37.75</ele>
      </trkpt>
      <trkpt lat="51.485746" lon="6.9623">
        <ele>38</ele>
      </trkpt>
      <trkpt lat="51.485672" lon="6.96232">
        <ele>38</ele>
      </trkpt>
      <trkpt lat="51.48564" lon="6.962326">
        <ele>38</ele>
      </trkpt>
      <trkpt lat="51.485621" lon="6.962329">
        <ele>38.25</ele>
      </trkpt>
      <trkpt lat="51.485279" lon="6.962355">
        <ele>38.5</ele>
      </trkpt>
      <trkpt lat="51.485158" lon="6.962393">
        <ele>38.75</ele>
      </trkpt>
      <trkpt lat="51.485059" lon="6.962456">
        <ele>38.75</ele>
      </trkpt>
      <trkpt lat="51.48492" lon="6.962583">
        <ele>38.75</ele>
      </trkpt>
      <trkpt lat="51.484386" lon="6.963216">
        <ele>38</ele>
      </trkpt>
      <trkpt lat="51.484317" lon="6.963298">
        <ele>38</ele>
      </trkpt>
      <trkpt lat="51.484139" lon="6.963508">
        <ele>38</ele>
      </trkpt>
      <trkpt lat="51.48386" lon="6.96384">
        <ele>38.5</ele>
      </trkpt>
      <trkpt lat="51.483753" lon="6.963942">
        <ele>38.5</ele>
      </trkpt>
      <trkpt lat="51.483628" lon="6.964011">
        <ele>38.75</ele>
      </trkpt>
      <trkpt lat="51.483564" lon="6.964032">
        <ele>38.75</ele>
      </trkpt>
      <trkpt lat="51.483452" lon="6.964043">
        <ele>38.75</ele>
      </trkpt>
      <trkpt lat="51.483347" lon="6.964029">
        <ele>39</ele>
      </trkpt>
      <trkpt lat="51.483194" lon="6.963988">
        <ele>40</ele>
      </trkpt>
      <trkpt lat="51.482994" lon="6.9639">
        <ele>41</ele>
      </trkpt>
      <trkpt lat="51.482743" lon="6.963773">
        <ele>42.5</ele>
      </trkpt>
      <trkpt lat="51.482653" lon="6.963726">
        <ele>43</ele>
      </trkpt>
      <trkpt lat="51.482381" lon="6.963574">
        <ele>44</ele>
      </trkpt>
      <trkpt lat="51.481903" lon="6.963279">
        <ele>44</ele>
      </trkpt>
      <trkpt lat="51.481792" lon="6.963203">
        <ele>44</ele>
      </trkpt>
      <trkpt lat="51.481655" lon="6.963106">
        <ele>44.25</ele>
      </trkpt>
      <trkpt lat="51.481513" lon="6.96298">
        <ele>45</ele>
      </trkpt>
      <trkpt lat="51.4813" lon="6.962759">
        <ele>46</ele>
      </trkpt>
      <trkpt lat="51.481144" lon="6.962568">
        <ele>46.75</ele>
      </trkpt>
      <trkpt lat="51.480679" lon="6.961927">
        <ele>49</ele>
      </trkpt>
      <trkpt lat="51.480567" lon="6.961766">
        <ele>50</ele>
      </trkpt>
      <trkpt lat="51.480261" lon="6.961267">
        <ele>52.25</ele>
      </trkpt>
      <trkpt lat="51.48002" lon="6.960865">
        <ele>52.75</ele>
      </trkpt>
      <trkpt lat="51.479784" lon="6.960472">
        <ele>52.5</ele>
      </trkpt>
      <trkpt lat="51.479576" lon="6.960126">
        <ele>52.5</ele>
      </trkpt>
      <trkpt lat="51.479401" lon="6.959848">
        <ele>52.75</ele>
      </trkpt>
      <trkpt lat="51.479107" lon="6.959381">
        <ele>53.75</ele>
      </trkpt>
      <trkpt lat="51.478587" lon="6.958518">
        <ele>55.25</ele>
      </trkpt>
      <trkpt lat="51.478351" lon="6.958135">
        <ele>56.25</ele>
      </trkpt>
      <trkpt lat="51.478151" lon="6.957697">
        <ele>58</ele>
      </trkpt>
      <trkpt lat="51.478117" lon="6.957619">
        <ele>58.25</ele>
      </trkpt>
      <trkpt lat="51.478071" lon="6.957513">
        <ele>58.5</ele>
      </trkpt>
      <trkpt lat="51.477981" lon="6.95731">
        <ele>59</ele>
      </trkpt>
      <trkpt lat="51.4779" lon="6.957121">
        <ele>59.5</ele>
      </trkpt>
      <trkpt lat="51.477722" lon="6.956668">
        <ele>60.5</ele>
      </trkpt>
      <trkpt lat="51.477379" lon="6.955761">
        <ele>61.5</ele>
      </trkpt>
      <trkpt lat="51.47724" lon="6.955364">
        <ele>62.25</ele>
      </trkpt>
      <trkpt lat="51.477201" lon="6.955221">
        <ele>62.5</ele>
      </trkpt>
      <trkpt lat="51.477153" lon="6.955093">
        <ele>63</ele>
      </trkpt>
      <trkpt lat="51.477076" lon="6.954768">
        <ele>63.5</ele>
      </trkpt>
      <trkpt lat="51.477007" lon="6.954318">
        <ele>63.75</ele>
      </trkpt>
      <trkpt lat="51.476995" lon="6.954265">
        <ele>63.75</ele>
      </trkpt>
      <trkpt lat="51.47695" lon="6.954146">
        <ele>63.75</ele>
      </trkpt>
      <trkpt lat="51.476904" lon="6.954072">
        <ele>64</ele>
      </trkpt>
      <trkpt lat="51.476864" lon="6.95403">
        <ele>64</ele>
      </trkpt>
      <trkpt lat="51.476836" lon="6.954008">
        <ele>64</ele>
      </trkpt>
      <trkpt lat="51.476756" lon="6.953971">
        <ele>64.25</ele>
      </trkpt>
      <trkpt lat="51.476697" lon="6.953962">
        <ele>64.5</ele>
      </trkpt>
      <trkpt lat="51.476622" lon="6.953968">
        <ele>65</ele>
      </trkpt>
      <trkpt lat="51.476554" lon="6.953987">
        <ele>65.25</ele>
      </trkpt>
      <trkpt lat="51.476462" lon="6.954034">
        <ele>66</ele>
      </trkpt>
      <trkpt lat="51.476425" lon="6.954057">
        <ele>66.25</ele>
      </trkpt>
      <trkpt lat="51.476329" lon="6.954121">
        <ele>66.75</ele>
      </trkpt>
      <trkpt lat="51.476286" lon="6.954153">
        <ele>67.25</ele>
      </trkpt>
      <trkpt lat="51.47619" lon="6.954236">
        <ele>68</ele>
      </trkpt>
      <trkpt lat="51.476131" lon="6.954299">
        <ele>68.5</ele>
      </trkpt>
      <trkpt lat="51.47589" lon="6.954586">
        <ele>70.25</ele>
      </trkpt>
      <trkpt lat="51.475729" lon="6.954779">
        <ele>71.5</ele>
      </trkpt>
      <trkpt lat="51.475182" lon="6.955404">
        <ele>66.5</ele>
      </trkpt>
      <trkpt lat="51.474936" lon="6.955668">
        <ele>64.5</ele>
      </trkpt>
      <trkpt lat="51.474828" lon="6.955772">
        <ele>64.25</ele>
      </trkpt>
      <trkpt lat="51.47469" lon="6.955885">
        <ele>64</ele>
      </trkpt>
      <trkpt lat="51.47455" lon="6.955979">
        <ele>63.75</ele>
      </trkpt>
      <trkpt lat="51.474476" lon="6.956024">
        <ele>63.5</ele>
      </trkpt>
      <trkpt lat="51.474294" lon="6.956123">
        <ele>63.25</ele>
      </trkpt>
      <trkpt lat="51.474235" lon="6.956145">
        <ele>63.25</ele>
      </trkpt>
      <trkpt lat="51.47419" lon="6.956156">
        <ele>63.25</ele>
      </trkpt>
      <trkpt lat="51.474051" lon="6.956185">
        <ele>62.5</ele>
      </trkpt>
      <trkpt lat="51.473774" lon="6.956206">
        <ele>60.75</ele>
      </trkpt>
      <trkpt lat="51.473512" lon="6.956188">
        <ele>59.25</ele>
      </trkpt>
      <trkpt lat="51.4732" lon="6.956125">
        <ele>58</ele>
      </trkpt>
      <trkpt lat="51.473162" lon="6.956115">
        <ele>58</ele>
      </trkpt>
      <trkpt lat="51.472852" lon="6.955981">
        <ele>57.5</ele>
      </trkpt>
      <trkpt lat="51.472768" lon="6.955934">
        <ele>57.5</ele>
      </trkpt>
      <trkpt lat="51.472699" lon="6.955882">
        <ele>57.5</ele>
      </trkpt>
      <trkpt lat="51.472634" lon="6.955805">
        <ele>57.5</ele>
      </trkpt>
      <trkpt lat="51.472574" lon="6.955689">
        <ele>57.75</ele>
      </trkpt>
      <trkpt lat="51.472553" lon="6.955627">
        <ele>57.75</ele>
      </trkpt>
      <trkpt lat="51.47254" lon="6.955565">
        <ele>58</ele>
      </trkpt>
      <trkpt lat="51.472519" lon="6.954581">
        <ele>61</ele>
      </trkpt>
      <trkpt lat="51.472517" lon="6.954506">
        <ele>61.25</ele>
      </trkpt>
      <trkpt lat="51.472512" lon="6.954389">
        <ele>61.5</ele>
      </trkpt>
      <trkpt lat="51.472466" lon="6.953704">
        <ele>62.5</ele>
      </trkpt>
      <trkpt lat="51.472429" lon="6.953317">
        <ele>63</ele>
      </trkpt>
      <trkpt lat="51.472405" lon="6.95313">
        <ele>63.25</ele>
      </trkpt>
      <trkpt lat="51.472372" lon="6.952928">
        <ele>63.75</ele>
      </trkpt>
      <trkpt lat="51.472328" lon="6.952715">
        <ele>64.25</ele>
      </trkpt>
      <trkpt lat="51.472317" lon="6.952671">
        <ele>64.5</ele>
      </trkpt>
      <trkpt lat="51.472282" lon="6.952554">
        <ele>64.75</ele>
      </trkpt>
      <trkpt lat="51.472246" lon="6.952432">
        <ele>65</ele>
      </trkpt>
      <trkpt lat="51.472194" lon="6.952262">
        <ele>65.25</ele>
      </trkpt>
      <trkpt lat="51.471979" lon="6.951565">
        <ele>66.25</ele>
      </trkpt>
      <trkpt lat="51.471646" lon="6.950612">
        <ele>63.5</ele>
      </trkpt>
      <trkpt lat="51.471522" lon="6.950194">
        <ele>63</ele>
      </trkpt>
      <trkpt lat="51.471476" lon="6.950057">
        <ele>63</ele>
      </trkpt>
      <trkpt lat="51.471377" lon="6.949776">
        <ele>63.25</ele>
      </trkpt>
      <trkpt lat="51.471329" lon="6.949616">
        <ele>63.25</ele>
      </trkpt>
      <trkpt lat="51.471318" lon="6.949567">
        <ele>63.25</ele>
      </trkpt>
      <trkpt lat="51.471286" lon="6.949435">
        <ele>63.25</ele>
      </trkpt>
      <trkpt lat="51.471255" lon="6.949303">
        <ele>63.5</ele>
      </trkpt>
      <trkpt lat="51.471268" lon="6.949312">
        <ele>63.5</ele>
      </trkpt>
      <trkpt lat="51.471286" lon="6.949317">
        <ele>63.25</ele>
      </trkpt>
      <trkpt lat="51.471307" lon="6.949313">
        <ele>63.25</ele>
      </trkpt>
      <trkpt lat="51.47133" lon="6.949302">
        <ele>63.25</ele>
      </trkpt>
      <trkpt lat="51.471378" lon="6.949258">
        <ele>63</ele>
      </trkpt>
      <trkpt lat="51.471407" lon="6.949231">
        <ele>62.75</ele>
      </trkpt>
      <trkpt lat="51.471513" lon="6.949133">
        <ele>61.477708522976044</ele>
      </trkpt>
      <trkpt lat="51.47153840141962" lon="6.949155708159367">
        <ele>61.31412124699068</ele>
      </trkpt>
      <trkpt lat="51.471569889300156" lon="6.949220701281121">
        <ele>61.123231279515174</ele>
      </trkpt>
      <trkpt lat="51.47161712108007" lon="6.94925680857105">
        <ele>60.823248238977136</ele>
      </trkpt>
      <trkpt lat="51.47166660193986" lon="6.949285694402931">
        <ele>60.511077384744326</ele>
      </trkpt>
      <trkpt lat="51.47177680911642" lon="6.949292915862287">
        <ele>59.85168548976183</ele>
      </trkpt>
      <trkpt lat="51.47185327924555" lon="6.949253197842722">
        <ele>59.51062555923428</ele>
      </trkpt>
      <trkpt lat="51.47224224932722" lon="6.948891014322102">
        <ele>60.05897777946687</ele>
      </trkpt>
      <trkpt lat="51.47230310094102" lon="6.948834353276027">
        <ele>60.46645053464563</ele>
      </trkpt>
      <trkpt lat="51.472438946239606" lon="6.948724408668795">
        <ele>61.42272524664796</ele>
      </trkpt>
      <trkpt lat="51.47250416982297" lon="6.948612476069485">
        <ele>61.780559838133144</ele>
      </trkpt>
      <trkpt lat="51.472526660692466" lon="6.9484897112825195">
        <ele>61.91490200497832</ele>
      </trkpt>
      <trkpt lat="51.472524411605605" lon="6.948374167953546">
        <ele>61.958074175241606</ele>
      </trkpt>
      <trkpt lat="51.472479" lon="6.94824">
        <ele>62</ele>
      </trkpt>
      <trkpt lat="51.472451" lon="6.948146">
        <ele>62</ele>
      </trkpt>
      <trkpt lat="51.472418" lon="6.948043">
        <ele>62.25</ele>
      </trkpt>
      <trkpt lat="51.47234" lon="6.947819">
        <ele>62.5</ele>
      </trkpt>
      <trkpt lat="51.472254" lon="6.947627">
        <ele>63</ele>
      </trkpt>
      <trkpt lat="51.472236" lon="6.947569">
        <ele>63</ele>
      </trkpt>
      <trkpt lat="51.471991" lon="6.946888">
        <ele>64</ele>
      </trkpt>
      <trkpt lat="51.471898" lon="6.94662">
        <ele>64.5</ele>
      </trkpt>
      <trkpt lat="51.471839" lon="6.946443">
        <ele>64.75</ele>
      </trkpt>
      <trkpt lat="51.471566" lon="6.945701">
        <ele>66</ele>
      </trkpt>
      <trkpt lat="51.471548" lon="6.945651">
        <ele>66</ele>
      </trkpt>
      <trkpt lat="51.471311" lon="6.945013">
        <ele>66.5</ele>
      </trkpt>
      <trkpt lat="51.471251" lon="6.94485">
        <ele>67</ele>
      </trkpt>
      <trkpt lat="51.471035" lon="6.944277">
        <ele>69.5</ele>
      </trkpt>
      <trkpt lat="51.470938" lon="6.944018">
        <ele>70.5</ele>
      </trkpt>
      <trkpt lat="51.470788" lon="6.943597">
        <ele>71.75</ele>
      </trkpt>
      <trkpt lat="51.470675" lon="6.943249">
        <ele>73</ele>
      </trkpt>
      <trkpt lat="51.470614" lon="6.943045">
        <ele>73.5</ele>
      </trkpt>
      <trkpt lat="51.470466" lon="6.942562">
        <ele>74.75</ele>
      </trkpt>
      <trkpt lat="51.470437" lon="6.94244">
        <ele>75</ele>
      </trkpt>
      <trkpt lat="51.470384" lon="6.942209">
        <ele>75.75</ele>
      </trkpt>
      <trkpt lat="51.470366" lon="6.942112">
        <ele>76</ele>
      </trkpt>
      <trkpt lat="51.47032" lon="6.941846">
        <ele>77</ele>
      </trkpt>
      <trkpt lat="51.470277" lon="6.941636">
        <ele>77.75</ele>
      </trkpt>
      <trkpt lat="51.470233" lon="6.941678">
        <ele>77.5</ele>
      </trkpt>
      <trkpt lat="51.470164" lon="6.941754">
        <ele>77.5</ele>
      </trkpt>
      <trkpt lat="51.470141" lon="6.941785">
        <ele>77.25</ele>
      </trkpt>
      <trkpt lat="51.470115" lon="6.941817">
        <ele>77.25</ele>
      </trkpt>
      <trkpt lat="51.470088" lon="6.941853">
        <ele>77</ele>
      </trkpt>
      <trkpt lat="51.470005" lon="6.941955">
        <ele>76.75</ele>
      </trkpt>
      <trkpt lat="51.469595" lon="6.942399">
        <ele>73.25</ele>
      </trkpt>
      <trkpt lat="51.469527" lon="6.942471">
        <ele>72.75</ele>
      </trkpt>
      <trkpt lat="51.469273" lon="6.942729">
        <ele>70.75</ele>
      </trkpt>
      <trkpt lat="51.469155" lon="6.942833">
        <ele>70</ele>
      </trkpt>
      <trkpt lat="51.469038" lon="6.942906">
        <ele>70.25</ele>
      </trkpt>
      <trkpt lat="51.468924" lon="6.942963">
        <ele>70.25</ele>
      </trkpt>
      <trkpt lat="51.468767" lon="6.943018">
        <ele>70.5</ele>
      </trkpt>
      <trkpt lat="51.468716" lon="6.943029">
        <ele>70.75</ele>
      </trkpt>
      <trkpt lat="51.4685" lon="6.943077">
        <ele>71.25</ele>
      </trkpt>
      <trkpt lat="51.468278" lon="6.943162">
        <ele>72</ele>
      </trkpt>
      <trkpt lat="51.468134" lon="6.94327">
        <ele>73</ele>
      </trkpt>
      <trkpt lat="51.468031" lon="6.943364">
        <ele>73.75</ele>
      </trkpt>
      <trkpt lat="51.467962" lon="6.943436">
        <ele>74</ele>
      </trkpt>
      <trkpt lat="51.467847" lon="6.943563">
        <ele>74.75</ele>
      </trkpt>
      <trkpt lat="51.467555" lon="6.943871">
        <ele>76</ele>
      </trkpt>
      <trkpt lat="51.467532" lon="6.94389">
        <ele>76</ele>
      </trkpt>
      <trkpt lat="51.467429" lon="6.943978">
        <ele>76</ele>
      </trkpt>
      <trkpt lat="51.467106" lon="6.944214">
        <ele>75.75</ele>
      </trkpt>
      <trkpt lat="51.466642" lon="6.944555">
        <ele>75.5</ele>
      </trkpt>
      <trkpt lat="51.466368" lon="6.944703">
        <ele>74.75</ele>
      </trkpt>
      <trkpt lat="51.466036" lon="6.944927">
        <ele>74.25</ele>
      </trkpt>
      <trkpt lat="51.465828" lon="6.94507">
        <ele>73.75</ele>
      </trkpt>
      <trkpt lat="51.465673" lon="6.9452">
        <ele>73.5</ele>
      </trkpt>
      <trkpt lat="51.465579" lon="6.945292">
        <ele>73.5</ele>
      </trkpt>
      <trkpt lat="51.465483" lon="6.9454">
        <ele>73.5</ele>
      </trkpt>
      <trkpt lat="51.465097" lon="6.945858">
        <ele>74.5</ele>
      </trkpt>
      <trkpt lat="51.464952" lon="6.94603">
        <ele>74.75</ele>
      </trkpt>
      <trkpt lat="51.464551" lon="6.946504">
        <ele>75.75</ele>
      </trkpt>
      <trkpt lat="51.464409" lon="6.946705">
        <ele>76</ele>
      </trkpt>
      <trkpt lat="51.4643" lon="6.9469">
        <ele>76.5</ele>
      </trkpt>
      <trkpt lat="51.464219" lon="6.947069">
        <ele>76.75</ele>
      </trkpt>
      <trkpt lat="51.464116" lon="6.947348">
        <ele>77.25</ele>
      </trkpt>
      <trkpt lat="51.46403" lon="6.947543">
        <ele>77.5</ele>
      </trkpt>
      <trkpt lat="51.463964" lon="6.947677">
        <ele>77.75</ele>
      </trkpt>
      <trkpt lat="51.463899" lon="6.947758">
        <ele>77.75</ele>
      </trkpt>
      <trkpt lat="51.463849" lon="6.947786">
        <ele>78</ele>
      </trkpt>
      <trkpt lat="51.463763" lon="6.947817">
        <ele>78.5</ele>
      </trkpt>
      <trkpt lat="51.463738" lon="6.947825">
        <ele>78.5</ele>
      </trkpt>
      <trkpt lat="51.46364" lon="6.947857">
        <ele>79</ele>
      </trkpt>
      <trkpt lat="51.463608" lon="6.94787">
        <ele>79</ele>
      </trkpt>
      <trkpt lat="51.463593" lon="6.947877">
        <ele>79.25</ele>
      </trkpt>
      <trkpt lat="51.463582" lon="6.947881">
        <ele>79.25</ele>
      </trkpt>
      <trkpt lat="51.463554" lon="6.947898">
        <ele>79.25</ele>
      </trkpt>
      <trkpt lat="51.463529" lon="6.947943">
        <ele>79.5</ele>
      </trkpt>
      <trkpt lat="51.463517" lon="6.948029">
        <ele>79.25</ele>
      </trkpt>
      <trkpt lat="51.463542" lon="6.948231">
        <ele>79</ele>
      </trkpt>
      <trkpt lat="51.463543" lon="6.948238">
        <ele>79</ele>
      </trkpt>
      <trkpt lat="51.463556" lon="6.948434">
        <ele>78.75</ele>
      </trkpt>
      <trkpt lat="51.463559" lon="6.948545">
        <ele>78.5</ele>
      </trkpt>
      <trkpt lat="51.463547" lon="6.948895">
        <ele>78.25</ele>
      </trkpt>
      <trkpt lat="51.463529" lon="6.949084">
        <ele>78.25</ele>
      </trkpt>
      <trkpt lat="51.463517" lon="6.949204">
        <ele>78.25</ele>
      </trkpt>
      <trkpt lat="51.463509" lon="6.949283">
        <ele>78</ele>
      </trkpt>
      <trkpt lat="51.463506" lon="6.949312">
        <ele>78</ele>
      </trkpt>
      <trkpt lat="51.463435" lon="6.949822">
        <ele>77</ele>
      </trkpt>
      <trkpt lat="51.463373" lon="6.950371">
        <ele>76</ele>
      </trkpt>
      <trkpt lat="51.463362" lon="6.95055">
        <ele>75.5</ele>
      </trkpt>
      <trkpt lat="51.463285" lon="6.951105">
        <ele>74.25</ele>
      </trkpt>
      <trkpt lat="51.463223" lon="6.951574">
        <ele>73.25</ele>
      </trkpt>
      <trkpt lat="51.463147" lon="6.952117">
        <ele>72.25</ele>
      </trkpt>
      <trkpt lat="51.46302" lon="6.953103">
        <ele>70</ele>
      </trkpt>
      <trkpt lat="51.462994" lon="6.953765">
        <ele>68.5</ele>
      </trkpt>
      <trkpt lat="51.462994" lon="6.953838">
        <ele>68.5</ele>
      </trkpt>
      <trkpt lat="51.462991" lon="6.953933">
        <ele>68.25</ele>
      </trkpt>
      <trkpt lat="51.462989" lon="6.954044">
        <ele>68</ele>
      </trkpt>
      <trkpt lat="51.462986" lon="6.954163">
        <ele>68</ele>
      </trkpt>
      <trkpt lat="51.462986" lon="6.954211">
        <ele>67.75</ele>
      </trkpt>
      <trkpt lat="51.462978" lon="6.954577">
        <ele>67</ele>
      </trkpt>
      <trkpt lat="51.462978" lon="6.954601">
        <ele>67</ele>
      </trkpt>
      <trkpt lat="51.462974" lon="6.954745">
        <ele>66.5</ele>
      </trkpt>
      <trkpt lat="51.462972" lon="6.95489">
        <ele>66.25</ele>
      </trkpt>
      <trkpt lat="51.462971" lon="6.954993">
        <ele>66</ele>
      </trkpt>
      <trkpt lat="51.462969" lon="6.9551">
        <ele>65.75</ele>
      </trkpt>
      <trkpt lat="51.462968" lon="6.955201">
        <ele>65.5</ele>
      </trkpt>
      <trkpt lat="51.462968" lon="6.955286">
        <ele>65</ele>
      </trkpt>
      <trkpt lat="51.462937" lon="6.956972">
        <ele>60.5</ele>
      </trkpt>
      <trkpt lat="51.462926" lon="6.957165">
        <ele>60.25</ele>
      </trkpt>
      <trkpt lat="51.462919" lon="6.957262">
        <ele>60.25</ele>
      </trkpt>
      <trkpt lat="51.462891" lon="6.957479">
        <ele>60</ele>
      </trkpt>
      <trkpt lat="51.462807" lon="6.957889">
        <ele>59</ele>
      </trkpt>
      <trkpt lat="51.462775" lon="6.958032">
        <ele>58.5</ele>
      </trkpt>
      <trkpt lat="51.462742" lon="6.958177">
        <ele>58.25</ele>
      </trkpt>
      <trkpt lat="51.462697" lon="6.958374">
        <ele>58</ele>
      </trkpt>
      <trkpt lat="51.462658" lon="6.958544">
        <ele>58</ele>
      </trkpt>
      <trkpt lat="51.462504" lon="6.9592">
        <ele>57.75</ele>
      </trkpt>
      <trkpt lat="51.462431" lon="6.959509">
        <ele>57.25</ele>
      </trkpt>
      <trkpt lat="51.462333" lon="6.95992">
        <ele>56.25</ele>
      </trkpt>
      <trkpt lat="51.462271" lon="6.960185">
        <ele>56.25</ele>
      </trkpt>
      <trkpt lat="51.462228" lon="6.960364">
        <ele>56.75</ele>
      </trkpt>
      <trkpt lat="51.46216" lon="6.960639">
        <ele>57.5</ele>
      </trkpt>
      <trkpt lat="51.462139" lon="6.960742">
        <ele>57.75</ele>
      </trkpt>
      <trkpt lat="51.462098" lon="6.960926">
        <ele>58.25</ele>
      </trkpt>
      <trkpt lat="51.46208" lon="6.961062">
        <ele>58.75</ele>
      </trkpt>
      <trkpt lat="51.462071" lon="6.96119">
        <ele>59.25</ele>
      </trkpt>
      <trkpt lat="51.46207" lon="6.961264">
        <ele>59.75</ele>
      </trkpt>
      <trkpt lat="51.46208" lon="6.961433">
        <ele>60.5</ele>
      </trkpt>
      <trkpt lat="51.462218" lon="6.962212">
        <ele>62.25</ele>
      </trkpt>
      <trkpt lat="51.462236" lon="6.962365">
        <ele>62.25</ele>
      </trkpt>
      <trkpt lat="51.462238" lon="6.962493">
        <ele>62.5</ele>
      </trkpt>
      <trkpt lat="51.462239" lon="6.962528">
        <ele>62.5</ele>
      </trkpt>
      <trkpt lat="51.462219" lon="6.962737">
        <ele>63</ele>
      </trkpt>
      <trkpt lat="51.4622" lon="6.962825">
        <ele>63.25</ele>
      </trkpt>
      <trkpt lat="51.46215" lon="6.962985">
        <ele>63.75</ele>
      </trkpt>
      <trkpt lat="51.462123" lon="6.963048">
        <ele>64</ele>
      </trkpt>
      <trkpt lat="51.462057" lon="6.963173">
        <ele>64.5</ele>
      </trkpt>
      <trkpt lat="51.462034" lon="6.963214">
        <ele>64.75</ele>
      </trkpt>
      <trkpt lat="51.461964" lon="6.963349">
        <ele>65.5</ele>
      </trkpt>
      <trkpt lat="51.461778" lon="6.963697">
        <ele>66.25</ele>
      </trkpt>
      <trkpt lat="51.461605" lon="6.964023">
        <ele>67</ele>
      </trkpt>
      <trkpt lat="51.46156" lon="6.964133">
        <ele>67.25</ele>
      </trkpt>
      <trkpt lat="51.461407" lon="6.964092">
        <ele>67.75</ele>
      </trkpt>
      <trkpt lat="51.461301" lon="6.96408">
        <ele>68.25</ele>
      </trkpt>
      <trkpt lat="51.461187" lon="6.964075">
        <ele>68.5</ele>
      </trkpt>
      <trkpt lat="51.460794" lon="6.96414">
        <ele>70</ele>
      </trkpt>
      <trkpt lat="51.460527" lon="6.964198">
        <ele>70.25</ele>
      </trkpt>
      <trkpt lat="51.460236" lon="6.964261">
        <ele>70.75</ele>
      </trkpt>
      <trkpt lat="51.459986" lon="6.964312">
        <ele>71.25</ele>
      </trkpt>
      <trkpt lat="51.45984" lon="6.964344">
        <ele>71.5</ele>
      </trkpt>
      <trkpt lat="51.45968" lon="6.96438">
        <ele>71.75</ele>
      </trkpt>
      <trkpt lat="51.45941" lon="6.964443">
        <ele>72</ele>
      </trkpt>
      <trkpt lat="51.459301" lon="6.964469">
        <ele>72.25</ele>
      </trkpt>
      <trkpt lat="51.459172" lon="6.964497">
        <ele>72.25</ele>
      </trkpt>
      <trkpt lat="51.459029" lon="6.964528">
        <ele>72.75</ele>
      </trkpt>
      <trkpt lat="51.458933" lon="6.964549">
        <ele>73.25</ele>
      </trkpt>
      <trkpt lat="51.458768" lon="6.964588">
        <ele>73.75</ele>
      </trkpt>
      <trkpt lat="51.458329" lon="6.964689">
        <ele>75.5</ele>
      </trkpt>
      <trkpt lat="51.45829" lon="6.964698">
        <ele>75.5</ele>
      </trkpt>
      <trkpt lat="51.458235" lon="6.96471">
        <ele>75.5</ele>
      </trkpt>
      <trkpt lat="51.458185" lon="6.96472">
        <ele>75.5</ele>
      </trkpt>
      <trkpt lat="51.458036" lon="6.964728">
        <ele>75.5</ele>
      </trkpt>
      <trkpt lat="51.457913" lon="6.964727">
        <ele>75.5</ele>
      </trkpt>
      <trkpt lat="51.457774" lon="6.964716">
        <ele>75.25</ele>
      </trkpt>
      <trkpt lat="51.45761" lon="6.964685">
        <ele>75.25</ele>
      </trkpt>
      <trkpt lat="51.457413" lon="6.964627">
        <ele>74.5</ele>
      </trkpt>
      <trkpt lat="51.45724" lon="6.964553">
        <ele>73.5</ele>
      </trkpt>
      <trkpt lat="51.45722" lon="6.964545">
        <ele>73.5</ele>
      </trkpt>
      <trkpt lat="51.456914" lon="6.964368">
        <ele>72</ele>
      </trkpt>
      <trkpt lat="51.456496" lon="6.964058">
        <ele>71</ele>
      </trkpt>
      <trkpt lat="51.456381" lon="6.963979">
        <ele>71.25</ele>
      </trkpt>
      <trkpt lat="51.456289" lon="6.963915">
        <ele>71.25</ele>
      </trkpt>
      <trkpt lat="51.45589" lon="6.963624">
        <ele>71.25</ele>
      </trkpt>
      <trkpt lat="51.455713" lon="6.963527">
        <ele>71.5</ele>
      </trkpt>
      <trkpt lat="51.455579" lon="6.963472">
        <ele>71.75</ele>
      </trkpt>
      <trkpt lat="51.455465" lon="6.96344">
        <ele>71.75</ele>
      </trkpt>
      <trkpt lat="51.455427" lon="6.963429">
        <ele>72</ele>
      </trkpt>
      <trkpt lat="51.455264" lon="6.96342">
        <ele>72.25</ele>
      </trkpt>
      <trkpt lat="51.45523" lon="6.963419">
        <ele>72.5</ele>
      </trkpt>
      <trkpt lat="51.455121" lon="6.963418">
        <ele>72.75</ele>
      </trkpt>
      <trkpt lat="51.454961" lon="6.963436">
        <ele>73.25</ele>
      </trkpt>
      <trkpt lat="51.454135" lon="6.963644">
        <ele>78</ele>
      </trkpt>
      <trkpt lat="51.453497" lon="6.963779">
        <ele>82</ele>
      </trkpt>
      <trkpt lat="51.453159" lon="6.963858">
        <ele>82.75</ele>
      </trkpt>
      <trkpt lat="51.453117" lon="6.963868">
        <ele>82.5</ele>
      </trkpt>
      <trkpt lat="51.453064" lon="6.963879">
        <ele>82.5</ele>
      </trkpt>
      <trkpt lat="51.453012" lon="6.963888">
        <ele>82.5</ele>
      </trkpt>
      <trkpt lat="51.452917" lon="6.963904">
        <ele>82.25</ele>
      </trkpt>
      <trkpt lat="51.452812" lon="6.963909">
        <ele>82.25</ele>
      </trkpt>
      <trkpt lat="51.451822" lon="6.963935">
        <ele>81</ele>
      </trkpt>
      <trkpt lat="51.450889" lon="6.963997">
        <ele>78</ele>
      </trkpt>
      <trkpt lat="51.450866" lon="6.964001">
        <ele>78</ele>
      </trkpt>
      <trkpt lat="51.450756" lon="6.964046">
        <ele>78</ele>
      </trkpt>
      <trkpt lat="51.450676" lon="6.96409">
        <ele>78</ele>
      </trkpt>
      <trkpt lat="51.450522" lon="6.964192">
        <ele>78.25</ele>
      </trkpt>
      <trkpt lat="51.450492" lon="6.96422">
        <ele>78.25</ele>
      </trkpt>
      <trkpt lat="51.450385" lon="6.964322">
        <ele>78.5</ele>
      </trkpt>
      <trkpt lat="51.450265" lon="6.964447">
        <ele>78.75</ele>
      </trkpt>
      <trkpt lat="51.450197" lon="6.96453">
        <ele>78.75</ele>
      </trkpt>
      <trkpt lat="51.449424" lon="6.965478">
        <ele>81.75</ele>
      </trkpt>
      <trkpt lat="51.449125" lon="6.965842">
        <ele>82</ele>
      </trkpt>
      <trkpt lat="51.449007" lon="6.965965">
        <ele>82</ele>
      </trkpt>
      <trkpt lat="51.448884" lon="6.966079">
        <ele>82</ele>
      </trkpt>
      <trkpt lat="51.44881" lon="6.966134">
        <ele>82.25</ele>
      </trkpt>
      <trkpt lat="51.448694" lon="6.966239">
        <ele>82.25</ele>
      </trkpt>
      <trkpt lat="51.448612" lon="6.966307">
        <ele>82.5</ele>
      </trkpt>
      <trkpt lat="51.44856" lon="6.966349">
        <ele>82.5</ele>
      </trkpt>
      <trkpt lat="51.4484" lon="6.966495">
        <ele>82.75</ele>
      </trkpt>
      <trkpt lat="51.448291" lon="6.966606">
        <ele>83</ele>
      </trkpt>
      <trkpt lat="51.44817" lon="6.966731">
        <ele>83</ele>
      </trkpt>
      <trkpt lat="51.448022" lon="6.966876">
        <ele>83.25</ele>
      </trkpt>
      <trkpt lat="51.447942" lon="6.966954">
        <ele>83.25</ele>
      </trkpt>
      <trkpt lat="51.447767" lon="6.96712">
        <ele>83.5</ele>
      </trkpt>
      <trkpt lat="51.447667" lon="6.967219">
        <ele>83.5</ele>
      </trkpt>
      <trkpt lat="51.446909" lon="6.967949">
        <ele>83.5</ele>
      </trkpt>
      <trkpt lat="51.44688" lon="6.967978">
        <ele>83.5</ele>
      </trkpt>
      <trkpt lat="51.446755" lon="6.9681">
        <ele>83.5</ele>
      </trkpt>
      <trkpt lat="51.446673" lon="6.968178">
        <ele>83.5</ele>
      </trkpt>
      <trkpt lat="51.446545" lon="6.968295">
        <ele>84.25</ele>
      </trkpt>
      <trkpt lat="51.446435" lon="6.968397">
        <ele>84.75</ele>
      </trkpt>
      <trkpt lat="51.446328" lon="6.968482">
        <ele>85.5</ele>
      </trkpt>
      <trkpt lat="51.445907" lon="6.968799">
        <ele>87.25</ele>
      </trkpt>
      <trkpt lat="51.445575" lon="6.969033">
        <ele>88.75</ele>
      </trkpt>
      <trkpt lat="51.445351" lon="6.969231">
        <ele>89.75</ele>
      </trkpt>
      <trkpt lat="51.445249" lon="6.969363">
        <ele>90.25</ele>
      </trkpt>
      <trkpt lat="51.445224" lon="6.969408">
        <ele>90.5</ele>
      </trkpt>
      <trkpt lat="51.445143" lon="6.969551">
        <ele>91</ele>
      </trkpt>
      <trkpt lat="51.445048" lon="6.969749">
        <ele>91.5</ele>
      </trkpt>
      <trkpt lat="51.444852" lon="6.970196">
        <ele>92.75</ele>
      </trkpt>
      <trkpt lat="51.444455" lon="6.971111">
        <ele>96</ele>
      </trkpt>
      <trkpt lat="51.44438" lon="6.971282">
        <ele>96.75</ele>
      </trkpt>
      <trkpt lat="51.444326" lon="6.971178">
        <ele>96.75</ele>
      </trkpt>
      <trkpt lat="51.444208" lon="6.970951">
        <ele>97</ele>
      </trkpt>
      <trkpt lat="51.444023" lon="6.970602">
        <ele>96.5</ele>
      </trkpt>
      <trkpt lat="51.443779" lon="6.970142">
        <ele>96</ele>
      </trkpt>
      <trkpt lat="51.443545" lon="6.969708">
        <ele>95.75</ele>
      </trkpt>
      <trkpt lat="51.443435" lon="6.969505">
        <ele>95.25</ele>
      </trkpt>
      <trkpt lat="51.443333" lon="6.969317">
        <ele>95.25</ele>
      </trkpt>
      <trkpt lat="51.443247" lon="6.969192">
        <ele>95</ele>
      </trkpt>
      <trkpt lat="51.443207" lon="6.969116">
        <ele>95</ele>
      </trkpt>
      <trkpt lat="51.443138" lon="6.968969">
        <ele>94.75</ele>
      </trkpt>
      <trkpt lat="51.443016" lon="6.968833">
        <ele>94.75</ele>
      </trkpt>
      <trkpt lat="51.442625" lon="6.968595">
        <ele>95</ele>
      </trkpt>
      <trkpt lat="51.442586" lon="6.968571">
        <ele>95</ele>
      </trkpt>
      <trkpt lat="51.442504" lon="6.968518">
        <ele>95</ele>
      </trkpt>
      <trkpt lat="51.442291" lon="6.968374">
        <ele>95.25</ele>
      </trkpt>
      <trkpt lat="51.442231" lon="6.968439">
        <ele>95.25</ele>
      </trkpt>
      <trkpt lat="51.4422" lon="6.968477">
        <ele>95.5</ele>
      </trkpt>
      <trkpt lat="51.442181" lon="6.968512">
        <ele>95.5</ele>
      </trkpt>
      <trkpt lat="51.442152" lon="6.968617">
        <ele>95.5</ele>
      </trkpt>
      <trkpt lat="51.442152" lon="6.968617">
        <ele>95.5</ele>
      </trkpt>
      <trkpt lat="51.442151" lon="6.968623">
        <ele>95.75</ele>
      </trkpt>
      <trkpt lat="51.442172" lon="6.968798">
        <ele>95.75</ele>
      </trkpt>
      <trkpt lat="51.442187" lon="6.969009">
        <ele>96</ele>
      </trkpt>
      <trkpt lat="51.442195" lon="6.969139">
        <ele>96.25</ele>
      </trkpt>
      <trkpt lat="51.442236" lon="6.969465">
        <ele>96.5</ele>
      </trkpt>
      <trkpt lat="51.442342" lon="6.96986">
        <ele>97</ele>
      </trkpt>
      <trkpt lat="51.442414" lon="6.970344">
        <ele>97.5</ele>
      </trkpt>
      <trkpt lat="51.44263" lon="6.971723">
        <ele>100</ele>
      </trkpt>
      <trkpt lat="51.442865" lon="6.972848">
        <ele>101</ele>
      </trkpt>
      <trkpt lat="51.443244" lon="6.97549">
        <ele>101.25</ele>
      </trkpt>
      <trkpt lat="51.443507" lon="6.977277">
        <ele>103.25</ele>
      </trkpt>
      <trkpt lat="51.443653" lon="6.978412">
        <ele>102.25</ele>
      </trkpt>
      <trkpt lat="51.444188" lon="6.981846">
        <ele>100.75</ele>
      </trkpt>
      <trkpt lat="51.444386" lon="6.983176">
        <ele>98.5</ele>
      </trkpt>
      <trkpt lat="51.444534" lon="6.984275">
        <ele>97.25</ele>
      </trkpt>
      <trkpt lat="51.444662" lon="6.985335">
        <ele>96.75</ele>
      </trkpt>
      <trkpt lat="51.444919" lon="6.987721">
        <ele>94.25</ele>
      </trkpt>
      <trkpt lat="51.445054" lon="6.988721">
        <ele>95</ele>
      </trkpt>
      <trkpt lat="51.445235" lon="6.989866">
        <ele>96</ele>
      </trkpt>
      <trkpt lat="51.445624" lon="6.992421">
        <ele>98.5</ele>
      </trkpt>
      <trkpt lat="51.446327" lon="6.996798">
        <ele>101</ele>
      </trkpt>
      <trkpt lat="51.446363" lon="6.997672">
        <ele>101.25</ele>
      </trkpt>
      <trkpt lat="51.446359" lon="6.998017">
        <ele>101.25</ele>
      </trkpt>
      <trkpt lat="51.446336" lon="6.998474">
        <ele>101.25</ele>
      </trkpt>
      <trkpt lat="51.44631" lon="6.998788">
        <ele>100.75</ele>
      </trkpt>
      <trkpt lat="51.446226" lon="6.999515">
        <ele>100.5</ele>
      </trkpt>
      <trkpt lat="51.446148" lon="7.000037">
        <ele>100.75</ele>
      </trkpt>
      <trkpt lat="51.44613" lon="7.000172">
        <ele>100.75</ele>
      </trkpt>
      <trkpt lat="51.446119" lon="7.00048">
        <ele>100.75</ele>
      </trkpt>
      <trkpt lat="51.446125" lon="7.000666">
        <ele>100.75</ele>
      </trkpt>
      <trkpt lat="51.446144" lon="7.000853">
        <ele>100.75</ele>
      </trkpt>
      <trkpt lat="51.446152" lon="7.000904">
        <ele>100.75</ele>
      </trkpt>
      <trkpt lat="51.446171" lon="7.001032">
        <ele>100.75</ele>
      </trkpt>
      <trkpt lat="51.446221" lon="7.001223">
        <ele>100.5</ele>
      </trkpt>
      <trkpt lat="51.446316" lon="7.00144">
        <ele>100</ele>
      </trkpt>
      <trkpt lat="51.446446" lon="7.001582">
        <ele>99.25</ele>
      </trkpt>
      <trkpt lat="51.446542" lon="7.001693">
        <ele>98.75</ele>
      </trkpt>
      <trkpt lat="51.446625" lon="7.001803">
        <ele>98.25</ele>
      </trkpt>
      <trkpt lat="51.446817" lon="7.002099">
        <ele>97.75</ele>
      </trkpt>
      <trkpt lat="51.446893" lon="7.002239">
        <ele>97.75</ele>
      </trkpt>
      <trkpt lat="51.446966" lon="7.002392">
        <ele>97.75</ele>
      </trkpt>
      <trkpt lat="51.447089" lon="7.002681">
        <ele>98.25</ele>
      </trkpt>
      <trkpt lat="51.447228" lon="7.00297">
        <ele>98.75</ele>
      </trkpt>
      <trkpt lat="51.447287" lon="7.003102">
        <ele>99.25</ele>
      </trkpt>
      <trkpt lat="51.44735" lon="7.003253">
        <ele>99.5</ele>
      </trkpt>
      <trkpt lat="51.447427" lon="7.003483">
        <ele>99.75</ele>
      </trkpt>
      <trkpt lat="51.447497" lon="7.00363">
        <ele>99.75</ele>
      </trkpt>
      <trkpt lat="51.447896" lon="7.004384">
        <ele>97.25</ele>
      </trkpt>
      <trkpt lat="51.448046" lon="7.004683">
        <ele>96</ele>
      </trkpt>
      <trkpt lat="51.448699" lon="7.006085">
        <ele>93.5</ele>
      </trkpt>
      <trkpt lat="51.448892" lon="7.006562">
        <ele>93</ele>
      </trkpt>
      <trkpt lat="51.448975" lon="7.00677">
        <ele>93</ele>
      </trkpt>
      <trkpt lat="51.449035" lon="7.006929">
        <ele>92.75</ele>
      </trkpt>
      <trkpt lat="51.449095" lon="7.007084">
        <ele>92.75</ele>
      </trkpt>
      <trkpt lat="51.449112" lon="7.007134">
        <ele>92.75</ele>
      </trkpt>
      <trkpt lat="51.449174" lon="7.007326">
        <ele>92.75</ele>
      </trkpt>
      <trkpt lat="51.449243" lon="7.007537">
        <ele>93</ele>
      </trkpt>
      <trkpt lat="51.449296" lon="7.007721">
        <ele>93.5</ele>
      </trkpt>
      <trkpt lat="51.449427" lon="7.008211">
        <ele>94.5</ele>
      </trkpt>
      <trkpt lat="51.449503" lon="7.008505">
        <ele>95.25</ele>
      </trkpt>
      <trkpt lat="51.449567" lon="7.008763">
        <ele>95.5</ele>
      </trkpt>
      <trkpt lat="51.449662" lon="7.009187">
        <ele>95.75</ele>
      </trkpt>
      <trkpt lat="51.449732" lon="7.009556">
        <ele>95</ele>
      </trkpt>
      <trkpt lat="51.449776" lon="7.009857">
        <ele>94.25</ele>
      </trkpt>
      <trkpt lat="51.449816" lon="7.010149">
        <ele>94.25</ele>
      </trkpt>
      <trkpt lat="51.449853" lon="7.010483">
        <ele>95</ele>
      </trkpt>
      <trkpt lat="51.449893" lon="7.010953">
        <ele>96.5</ele>
      </trkpt>
      <trkpt lat="51.449917" lon="7.011268">
        <ele>97.75</ele>
      </trkpt>
      <trkpt lat="51.449936" lon="7.011584">
        <ele>99</ele>
      </trkpt>
      <trkpt lat="51.449953" lon="7.011835">
        <ele>98.25</ele>
      </trkpt>
      <trkpt lat="51.450036" lon="7.011954">
        <ele>96.75</ele>
      </trkpt>
      <trkpt lat="51.450076" lon="7.011983">
        <ele>96.25</ele>
      </trkpt>
      <trkpt lat="51.45011" lon="7.011988">
        <ele>96</ele>
      </trkpt>
      <trkpt lat="51.450135" lon="7.011979">
        <ele>96</ele>
      </trkpt>
      <trkpt lat="51.450162" lon="7.011956">
        <ele>96</ele>
      </trkpt>
      <trkpt lat="51.450185" lon="7.011924">
        <ele>96</ele>
      </trkpt>
      <trkpt lat="51.450222" lon="7.011843">
        <ele>96.5</ele>
      </trkpt>
      <trkpt lat="51.450238" lon="7.011792">
        <ele>96.75</ele>
      </trkpt>
      <trkpt lat="51.450261" lon="7.011655">
        <ele>97.25</ele>
      </trkpt>
      <trkpt lat="51.450264" lon="7.011584">
        <ele>96.75</ele>
      </trkpt>
      <trkpt lat="51.450272" lon="7.011434">
        <ele>96.25</ele>
      </trkpt>
      <trkpt lat="51.450276" lon="7.011257">
        <ele>95.5</ele>
      </trkpt>
      <trkpt lat="51.45025" lon="7.01085">
        <ele>93.75</ele>
      </trkpt>
      <trkpt lat="51.45018" lon="7.010328">
        <ele>94</ele>
      </trkpt>
    </trkseg>
  </trk>
</gpx>
