<?xml version="1.0" encoding="UTF-8"?>
<gpx creator="https://gpx.studio" version="1.1" xmlns="http://www.topografix.com/GPX/1/1" xmlns:xsi="http://www.w3.org/2001/XMLSchema-instance" xsi:schemaLocation="http://www.topografix.com/GPX/1/1 http://www.topografix.com/GPX/1/1/gpx.xsd http://www.garmin.com/xmlschemas/GpxExtensions/v3 http://www.garmin.com/xmlschemas/GpxExtensionsv3.xsd http://www.garmin.com/xmlschemas/TrackPointExtension/v1 http://www.garmin.com/xmlschemas/TrackPointExtensionv1.xsd http://www.garmin.com/xmlschemas/PowerExtension/v1 http://www.garmin.com/xmlschemas/PowerExtensionv1.xsd http://www.topografix.com/GPX/gpx_style/0/2 http://www.topografix.com/GPX/gpx_style/0/2/gpx_style.xsd" xmlns:gpxtpx="http://www.garmin.com/xmlschemas/TrackPointExtension/v1" xmlns:gpxx="http://www.garmin.com/xmlschemas/GpxExtensions/v3" xmlns:gpxpx="http://www.garmin.com/xmlschemas/PowerExtension/v1" xmlns:gpx_style="http://www.topografix.com/GPX/gpx_style/0/2">
  <metadata>
    <name>RE14 Essen Hbf.-Dorsten ZOB©FerhanK</name>
    <author>
      <name>gpx.studio</name>
      <link href="https://gpx.studio"/>
    </author>
  </metadata>
  <wpt lat="51.450188" lon="7.010319">
    <ele>89.02023101737802</ele>
    <name>Essen Hbf.</name>
  </wpt>
  <wpt lat="51.472334" lon="6.94882">
    <ele>60.656557982183</ele>
    <name>Essen Borbeck</name>
  </wpt>
  <wpt lat="51.51021" lon="6.936588">
    <ele>35.35796478700479</ele>
    <name>Bottrop Hbf.</name>
  </wpt>
  <wpt lat="51.575247" lon="6.977476">
    <ele>61.41423054561081</ele>
    <name>Gladbeck West</name>
  </wpt>
  <wpt lat="51.588919" lon="6.9853">
    <ele>72.99911922332616</ele>
    <name>Gladbeck Zweckel</name>
  </wpt>
  <wpt lat="51.615157" lon="6.970223">
    <ele>52.93439561463988</ele>
    <name>Feldhausen</name>
  </wpt>
  <wpt lat="0" lon="0">
    <ele>0</ele>
  </wpt>
  <wpt lat="51.658165" lon="6.969014">
    <ele>34.66093315361126</ele>
    <name>Dorsten ZOB</name>
  </wpt>
  <trk>
    <name>RE14 Essen Hbf.-Dorsten ZOB©FerhanK</name>
    <trkseg>
      <trkpt lat="51.450178" lon="7.010312">
        <ele>93.75</ele>
      </trkpt>
      <trkpt lat="51.450052" lon="7.00936">
        <ele>94</ele>
      </trkpt>
      <trkpt lat="51.450306" lon="7.009265">
        <ele>92.75</ele>
      </trkpt>
      <trkpt lat="51.450609" lon="7.009161">
        <ele>91.25</ele>
      </trkpt>
      <trkpt lat="51.450587" lon="7.008853">
        <ele>92</ele>
      </trkpt>
      <trkpt lat="51.450566" lon="7.008559">
        <ele>93</ele>
      </trkpt>
      <trkpt lat="51.450541" lon="7.008224">
        <ele>93.5</ele>
      </trkpt>
      <trkpt lat="51.450528" lon="7.008041">
        <ele>93.25</ele>
      </trkpt>
      <trkpt lat="51.450504" lon="7.007799">
        <ele>93</ele>
      </trkpt>
      <trkpt lat="51.450345" lon="7.007682">
        <ele>93.5</ele>
      </trkpt>
      <trkpt lat="51.450246" lon="7.007648">
        <ele>94</ele>
      </trkpt>
      <trkpt lat="51.450052" lon="7.007584">
        <ele>94.75</ele>
      </trkpt>
      <trkpt lat="51.449761" lon="7.007492">
        <ele>94.25</ele>
      </trkpt>
      <trkpt lat="51.449707" lon="7.007435">
        <ele>94</ele>
      </trkpt>
      <trkpt lat="51.449466" lon="7.007185">
        <ele>93</ele>
      </trkpt>
      <trkpt lat="51.449432" lon="7.007148">
        <ele>93</ele>
      </trkpt>
      <trkpt lat="51.449216" lon="7.006947">
        <ele>92.25</ele>
      </trkpt>
      <trkpt lat="51.449187" lon="7.00688">
        <ele>92.25</ele>
      </trkpt>
      <trkpt lat="51.449091" lon="7.006658">
        <ele>92.25</ele>
      </trkpt>
      <trkpt lat="51.448877" lon="7.006186">
        <ele>92.5</ele>
      </trkpt>
      <trkpt lat="51.448757" lon="7.00592">
        <ele>93</ele>
      </trkpt>
      <trkpt lat="51.448152" lon="7.004625">
        <ele>95.5</ele>
      </trkpt>
      <trkpt lat="51.448003" lon="7.00431">
        <ele>96.75</ele>
      </trkpt>
      <trkpt lat="51.447945" lon="7.004185">
        <ele>97.25</ele>
      </trkpt>
      <trkpt lat="51.447881" lon="7.004049">
        <ele>97.5</ele>
      </trkpt>
      <trkpt lat="51.447803" lon="7.003885">
        <ele>98</ele>
      </trkpt>
      <trkpt lat="51.447678" lon="7.003588">
        <ele>98.75</ele>
      </trkpt>
      <trkpt lat="51.447566" lon="7.003364">
        <ele>99.5</ele>
      </trkpt>
      <trkpt lat="51.447542" lon="7.00331">
        <ele>99.5</ele>
      </trkpt>
      <trkpt lat="51.447477" lon="7.003137">
        <ele>99.5</ele>
      </trkpt>
      <trkpt lat="51.44742" lon="7.002964">
        <ele>99</ele>
      </trkpt>
      <trkpt lat="51.447371" lon="7.002777">
        <ele>98.5</ele>
      </trkpt>
      <trkpt lat="51.447299" lon="7.002513">
        <ele>98</ele>
      </trkpt>
      <trkpt lat="51.447168" lon="7.002053">
        <ele>97.25</ele>
      </trkpt>
      <trkpt lat="51.447122" lon="7.001526">
        <ele>97</ele>
      </trkpt>
      <trkpt lat="51.447113" lon="7.001245">
        <ele>97.25</ele>
      </trkpt>
      <trkpt lat="51.447111" lon="7.001196">
        <ele>97.25</ele>
      </trkpt>
      <trkpt lat="51.447088" lon="7.000659">
        <ele>97.75</ele>
      </trkpt>
      <trkpt lat="51.447069" lon="7.000439">
        <ele>98</ele>
      </trkpt>
      <trkpt lat="51.44703" lon="7.000059">
        <ele>98</ele>
      </trkpt>
      <trkpt lat="51.446963" lon="6.999568">
        <ele>98.75</ele>
      </trkpt>
      <trkpt lat="51.446851" lon="6.998759">
        <ele>100.75</ele>
      </trkpt>
      <trkpt lat="51.446781" lon="6.998301">
        <ele>102</ele>
      </trkpt>
      <trkpt lat="51.446557" lon="6.996798">
        <ele>101</ele>
      </trkpt>
      <trkpt lat="51.446421" lon="6.996166">
        <ele>99.75</ele>
      </trkpt>
      <trkpt lat="51.446226" lon="6.994976">
        <ele>99.5</ele>
      </trkpt>
      <trkpt lat="51.446113" lon="6.994281">
        <ele>98.5</ele>
      </trkpt>
      <trkpt lat="51.445683" lon="6.991655">
        <ele>95.5</ele>
      </trkpt>
      <trkpt lat="51.445437" lon="6.990081">
        <ele>96</ele>
      </trkpt>
      <trkpt lat="51.445156" lon="6.988141">
        <ele>93.75</ele>
      </trkpt>
      <trkpt lat="51.444724" lon="6.98432">
        <ele>96</ele>
      </trkpt>
      <trkpt lat="51.444545" lon="6.983006">
        <ele>97.75</ele>
      </trkpt>
      <trkpt lat="51.444352" lon="6.981701">
        <ele>100</ele>
      </trkpt>
      <trkpt lat="51.4441" lon="6.980159">
        <ele>101</ele>
      </trkpt>
      <trkpt lat="51.443877" lon="6.978618">
        <ele>101.25</ele>
      </trkpt>
      <trkpt lat="51.443749" lon="6.977728">
        <ele>102.25</ele>
      </trkpt>
      <trkpt lat="51.44373" lon="6.977226">
        <ele>102.5</ele>
      </trkpt>
      <trkpt lat="51.443703" lon="6.9769">
        <ele>102.5</ele>
      </trkpt>
      <trkpt lat="51.443649" lon="6.976464">
        <ele>102.25</ele>
      </trkpt>
      <trkpt lat="51.443492" lon="6.975364">
        <ele>100.5</ele>
      </trkpt>
      <trkpt lat="51.443317" lon="6.974073">
        <ele>101</ele>
      </trkpt>
      <trkpt lat="51.443286" lon="6.973849">
        <ele>101</ele>
      </trkpt>
      <trkpt lat="51.443188" lon="6.973145">
        <ele>101</ele>
      </trkpt>
      <trkpt lat="51.443229" lon="6.972976">
        <ele>100.75</ele>
      </trkpt>
      <trkpt lat="51.443276" lon="6.972846">
        <ele>100.5</ele>
      </trkpt>
      <trkpt lat="51.443367" lon="6.972702">
        <ele>100</ele>
      </trkpt>
      <trkpt lat="51.443507" lon="6.972551">
        <ele>100</ele>
      </trkpt>
      <trkpt lat="51.443907" lon="6.972146">
        <ele>99.5</ele>
      </trkpt>
      <trkpt lat="51.444074" lon="6.972">
        <ele>99.25</ele>
      </trkpt>
      <trkpt lat="51.444189" lon="6.971858">
        <ele>99</ele>
      </trkpt>
      <trkpt lat="51.444263" lon="6.97173">
        <ele>98.5</ele>
      </trkpt>
      <trkpt lat="51.444363" lon="6.971557">
        <ele>97.5</ele>
      </trkpt>
      <trkpt lat="51.444442" lon="6.971421">
        <ele>96.75</ele>
      </trkpt>
      <trkpt lat="51.444453" lon="6.971393">
        <ele>96.5</ele>
      </trkpt>
      <trkpt lat="51.444959" lon="6.97018">
        <ele>92.25</ele>
      </trkpt>
      <trkpt lat="51.445201" lon="6.969655">
        <ele>91</ele>
      </trkpt>
      <trkpt lat="51.445251" lon="6.969569">
        <ele>90.5</ele>
      </trkpt>
      <trkpt lat="51.445405" lon="6.969345">
        <ele>89.75</ele>
      </trkpt>
      <trkpt lat="51.445661" lon="6.969093">
        <ele>88.5</ele>
      </trkpt>
      <trkpt lat="51.446146" lon="6.968745">
        <ele>86.5</ele>
      </trkpt>
      <trkpt lat="51.446353" lon="6.968582">
        <ele>85.5</ele>
      </trkpt>
      <trkpt lat="51.446414" lon="6.968539">
        <ele>85.25</ele>
      </trkpt>
      <trkpt lat="51.446513" lon="6.968452">
        <ele>84.75</ele>
      </trkpt>
      <trkpt lat="51.446662" lon="6.968313">
        <ele>83.75</ele>
      </trkpt>
      <trkpt lat="51.446678" lon="6.968297">
        <ele>83.75</ele>
      </trkpt>
      <trkpt lat="51.446705" lon="6.968269">
        <ele>83.75</ele>
      </trkpt>
      <trkpt lat="51.446806" lon="6.96818">
        <ele>83.75</ele>
      </trkpt>
      <trkpt lat="51.446928" lon="6.96806">
        <ele>83.75</ele>
      </trkpt>
      <trkpt lat="51.44773" lon="6.967286">
        <ele>83.5</ele>
      </trkpt>
      <trkpt lat="51.448188" lon="6.966849">
        <ele>83</ele>
      </trkpt>
      <trkpt lat="51.448605" lon="6.96648">
        <ele>82.25</ele>
      </trkpt>
      <trkpt lat="51.448631" lon="6.966457">
        <ele>82.25</ele>
      </trkpt>
      <trkpt lat="51.448711" lon="6.966383">
        <ele>82</ele>
      </trkpt>
      <trkpt lat="51.448822" lon="6.966295">
        <ele>81.75</ele>
      </trkpt>
      <trkpt lat="51.448909" lon="6.966221">
        <ele>81.75</ele>
      </trkpt>
      <trkpt lat="51.44904" lon="6.966082">
        <ele>81.75</ele>
      </trkpt>
      <trkpt lat="51.449075" lon="6.966043">
        <ele>81.5</ele>
      </trkpt>
      <trkpt lat="51.449312" lon="6.965767">
        <ele>81.75</ele>
      </trkpt>
      <trkpt lat="51.449376" lon="6.965691">
        <ele>81.75</ele>
      </trkpt>
      <trkpt lat="51.450299" lon="6.964608">
        <ele>78.75</ele>
      </trkpt>
      <trkpt lat="51.450324" lon="6.964578">
        <ele>78.75</ele>
      </trkpt>
      <trkpt lat="51.450446" lon="6.96444">
        <ele>78.5</ele>
      </trkpt>
      <trkpt lat="51.45054" lon="6.964336">
        <ele>78.25</ele>
      </trkpt>
      <trkpt lat="51.45061" lon="6.964268">
        <ele>78.25</ele>
      </trkpt>
      <trkpt lat="51.450617" lon="6.964262">
        <ele>78.25</ele>
      </trkpt>
      <trkpt lat="51.450699" lon="6.9642">
        <ele>78</ele>
      </trkpt>
      <trkpt lat="51.450789" lon="6.964145">
        <ele>78</ele>
      </trkpt>
      <trkpt lat="51.450887" lon="6.964114">
        <ele>78</ele>
      </trkpt>
      <trkpt lat="51.451837" lon="6.964055">
        <ele>81</ele>
      </trkpt>
      <trkpt lat="51.452807" lon="6.964032">
        <ele>82.25</ele>
      </trkpt>
      <trkpt lat="51.452841" lon="6.964032">
        <ele>82.25</ele>
      </trkpt>
      <trkpt lat="51.452942" lon="6.964026">
        <ele>82.5</ele>
      </trkpt>
      <trkpt lat="51.453032" lon="6.964009">
        <ele>82.5</ele>
      </trkpt>
      <trkpt lat="51.453196" lon="6.963973">
        <ele>82.75</ele>
      </trkpt>
      <trkpt lat="51.454718" lon="6.963614">
        <ele>74.75</ele>
      </trkpt>
      <trkpt lat="51.454907" lon="6.963579">
        <ele>73.75</ele>
      </trkpt>
      <trkpt lat="51.455234" lon="6.963558">
        <ele>72.5</ele>
      </trkpt>
      <trkpt lat="51.455268" lon="6.963558">
        <ele>72.5</ele>
      </trkpt>
      <trkpt lat="51.455346" lon="6.963566">
        <ele>72.25</ele>
      </trkpt>
      <trkpt lat="51.455383" lon="6.963571">
        <ele>72.25</ele>
      </trkpt>
      <trkpt lat="51.455523" lon="6.963603">
        <ele>72</ele>
      </trkpt>
      <trkpt lat="51.455683" lon="6.963671">
        <ele>71.75</ele>
      </trkpt>
      <trkpt lat="51.455918" lon="6.963805">
        <ele>71.5</ele>
      </trkpt>
      <trkpt lat="51.456221" lon="6.964033">
        <ele>71.25</ele>
      </trkpt>
      <trkpt lat="51.456248" lon="6.964058">
        <ele>71.25</ele>
      </trkpt>
      <trkpt lat="51.456342" lon="6.964154">
        <ele>71.25</ele>
      </trkpt>
      <trkpt lat="51.456439" lon="6.964249">
        <ele>71.25</ele>
      </trkpt>
      <trkpt lat="51.456611" lon="6.964382">
        <ele>71</ele>
      </trkpt>
      <trkpt lat="51.456931" lon="6.964628">
        <ele>72.25</ele>
      </trkpt>
      <trkpt lat="51.457031" lon="6.964693">
        <ele>72.75</ele>
      </trkpt>
      <trkpt lat="51.457198" lon="6.964782">
        <ele>73.75</ele>
      </trkpt>
      <trkpt lat="51.457404" lon="6.964869">
        <ele>75</ele>
      </trkpt>
      <trkpt lat="51.457765" lon="6.964951">
        <ele>75.75</ele>
      </trkpt>
      <trkpt lat="51.45799" lon="6.964965">
        <ele>75.75</ele>
      </trkpt>
      <trkpt lat="51.458142" lon="6.964954">
        <ele>75.75</ele>
      </trkpt>
      <trkpt lat="51.4582" lon="6.964948">
        <ele>75.75</ele>
      </trkpt>
      <trkpt lat="51.458248" lon="6.964938">
        <ele>75.75</ele>
      </trkpt>
      <trkpt lat="51.458309" lon="6.964928">
        <ele>75.75</ele>
      </trkpt>
      <trkpt lat="51.458788" lon="6.96483">
        <ele>74</ele>
      </trkpt>
      <trkpt lat="51.459311" lon="6.964717">
        <ele>72.5</ele>
      </trkpt>
      <trkpt lat="51.459702" lon="6.964621">
        <ele>72.25</ele>
      </trkpt>
      <trkpt lat="51.460081" lon="6.96453">
        <ele>71.5</ele>
      </trkpt>
      <trkpt lat="51.460151" lon="6.96451">
        <ele>71.5</ele>
      </trkpt>
      <trkpt lat="51.460254" lon="6.964489">
        <ele>71.25</ele>
      </trkpt>
      <trkpt lat="51.460307" lon="6.964477">
        <ele>71</ele>
      </trkpt>
      <trkpt lat="51.46053" lon="6.964431">
        <ele>70.75</ele>
      </trkpt>
      <trkpt lat="51.460548" lon="6.964427">
        <ele>70.75</ele>
      </trkpt>
      <trkpt lat="51.460817" lon="6.96437">
        <ele>70.25</ele>
      </trkpt>
      <trkpt lat="51.460992" lon="6.964333">
        <ele>69.5</ele>
      </trkpt>
      <trkpt lat="51.461078" lon="6.964317">
        <ele>69.25</ele>
      </trkpt>
      <trkpt lat="51.461196" lon="6.964298">
        <ele>68.75</ele>
      </trkpt>
      <trkpt lat="51.461358" lon="6.964289">
        <ele>68.25</ele>
      </trkpt>
      <trkpt lat="51.461387" lon="6.964296">
        <ele>68</ele>
      </trkpt>
      <trkpt lat="51.461431" lon="6.964306">
        <ele>67.75</ele>
      </trkpt>
      <trkpt lat="51.461479" lon="6.964317">
        <ele>67.75</ele>
      </trkpt>
      <trkpt lat="51.461518" lon="6.964329">
        <ele>67.5</ele>
      </trkpt>
      <trkpt lat="51.461519" lon="6.964329">
        <ele>67.5</ele>
      </trkpt>
      <trkpt lat="51.461545" lon="6.964338">
        <ele>67.5</ele>
      </trkpt>
      <trkpt lat="51.46156" lon="6.964133">
        <ele>67.25</ele>
      </trkpt>
      <trkpt lat="51.461605" lon="6.964023">
        <ele>67</ele>
      </trkpt>
      <trkpt lat="51.461778" lon="6.963697">
        <ele>66.25</ele>
      </trkpt>
      <trkpt lat="51.461964" lon="6.963349">
        <ele>65.5</ele>
      </trkpt>
      <trkpt lat="51.462034" lon="6.963214">
        <ele>64.75</ele>
      </trkpt>
      <trkpt lat="51.462057" lon="6.963173">
        <ele>64.5</ele>
      </trkpt>
      <trkpt lat="51.462123" lon="6.963048">
        <ele>64</ele>
      </trkpt>
      <trkpt lat="51.46215" lon="6.962985">
        <ele>63.75</ele>
      </trkpt>
      <trkpt lat="51.4622" lon="6.962825">
        <ele>63.25</ele>
      </trkpt>
      <trkpt lat="51.462219" lon="6.962737">
        <ele>63</ele>
      </trkpt>
      <trkpt lat="51.462239" lon="6.962528">
        <ele>62.5</ele>
      </trkpt>
      <trkpt lat="51.462238" lon="6.962493">
        <ele>62.5</ele>
      </trkpt>
      <trkpt lat="51.462236" lon="6.962365">
        <ele>62.25</ele>
      </trkpt>
      <trkpt lat="51.462218" lon="6.962212">
        <ele>62.25</ele>
      </trkpt>
      <trkpt lat="51.46208" lon="6.961433">
        <ele>60.5</ele>
      </trkpt>
      <trkpt lat="51.46207" lon="6.961264">
        <ele>59.75</ele>
      </trkpt>
      <trkpt lat="51.462071" lon="6.96119">
        <ele>59.25</ele>
      </trkpt>
      <trkpt lat="51.46208" lon="6.961062">
        <ele>58.75</ele>
      </trkpt>
      <trkpt lat="51.462098" lon="6.960926">
        <ele>58.25</ele>
      </trkpt>
      <trkpt lat="51.462139" lon="6.960742">
        <ele>57.75</ele>
      </trkpt>
      <trkpt lat="51.46216" lon="6.960639">
        <ele>57.5</ele>
      </trkpt>
      <trkpt lat="51.462228" lon="6.960364">
        <ele>56.75</ele>
      </trkpt>
      <trkpt lat="51.462271" lon="6.960185">
        <ele>56.25</ele>
      </trkpt>
      <trkpt lat="51.462333" lon="6.95992">
        <ele>56.25</ele>
      </trkpt>
      <trkpt lat="51.462357" lon="6.959818">
        <ele>56.25</ele>
      </trkpt>
      <trkpt lat="51.462431" lon="6.959509">
        <ele>57.25</ele>
      </trkpt>
      <trkpt lat="51.462504" lon="6.9592">
        <ele>57.75</ele>
      </trkpt>
      <trkpt lat="51.462658" lon="6.958544">
        <ele>58</ele>
      </trkpt>
      <trkpt lat="51.462697" lon="6.958374">
        <ele>58</ele>
      </trkpt>
      <trkpt lat="51.462742" lon="6.958177">
        <ele>58.25</ele>
      </trkpt>
      <trkpt lat="51.462775" lon="6.958032">
        <ele>58.5</ele>
      </trkpt>
      <trkpt lat="51.462807" lon="6.957889">
        <ele>59</ele>
      </trkpt>
      <trkpt lat="51.462891" lon="6.957479">
        <ele>60</ele>
      </trkpt>
      <trkpt lat="51.462919" lon="6.957262">
        <ele>60.25</ele>
      </trkpt>
      <trkpt lat="51.462926" lon="6.957165">
        <ele>60.25</ele>
      </trkpt>
      <trkpt lat="51.462937" lon="6.956972">
        <ele>60.5</ele>
      </trkpt>
      <trkpt lat="51.462968" lon="6.955286">
        <ele>65</ele>
      </trkpt>
      <trkpt lat="51.462968" lon="6.955201">
        <ele>65.5</ele>
      </trkpt>
      <trkpt lat="51.462969" lon="6.9551">
        <ele>65.75</ele>
      </trkpt>
      <trkpt lat="51.462971" lon="6.954993">
        <ele>66</ele>
      </trkpt>
      <trkpt lat="51.462972" lon="6.95489">
        <ele>66.25</ele>
      </trkpt>
      <trkpt lat="51.462974" lon="6.954745">
        <ele>66.5</ele>
      </trkpt>
      <trkpt lat="51.462978" lon="6.954601">
        <ele>67</ele>
      </trkpt>
      <trkpt lat="51.462978" lon="6.954577">
        <ele>67</ele>
      </trkpt>
      <trkpt lat="51.462986" lon="6.954211">
        <ele>67.75</ele>
      </trkpt>
      <trkpt lat="51.462986" lon="6.954163">
        <ele>68</ele>
      </trkpt>
      <trkpt lat="51.462989" lon="6.954044">
        <ele>68</ele>
      </trkpt>
      <trkpt lat="51.462991" lon="6.953933">
        <ele>68.25</ele>
      </trkpt>
      <trkpt lat="51.462994" lon="6.953838">
        <ele>68.5</ele>
      </trkpt>
      <trkpt lat="51.462994" lon="6.953765">
        <ele>68.5</ele>
      </trkpt>
      <trkpt lat="51.46302" lon="6.953103">
        <ele>70</ele>
      </trkpt>
      <trkpt lat="51.463147" lon="6.952117">
        <ele>72.25</ele>
      </trkpt>
      <trkpt lat="51.463223" lon="6.951574">
        <ele>73.25</ele>
      </trkpt>
      <trkpt lat="51.463285" lon="6.951105">
        <ele>74.25</ele>
      </trkpt>
      <trkpt lat="51.463362" lon="6.95055">
        <ele>75.5</ele>
      </trkpt>
      <trkpt lat="51.463383" lon="6.950482">
        <ele>75.75</ele>
      </trkpt>
      <trkpt lat="51.46346" lon="6.950109">
        <ele>76.25</ele>
      </trkpt>
      <trkpt lat="51.463518" lon="6.949779">
        <ele>77</ele>
      </trkpt>
      <trkpt lat="51.463557" lon="6.949589">
        <ele>77.25</ele>
      </trkpt>
      <trkpt lat="51.463625" lon="6.949314">
        <ele>77.5</ele>
      </trkpt>
      <trkpt lat="51.463658" lon="6.9492">
        <ele>77.75</ele>
      </trkpt>
      <trkpt lat="51.463681" lon="6.949105">
        <ele>77.75</ele>
      </trkpt>
      <trkpt lat="51.463707" lon="6.94895">
        <ele>77.75</ele>
      </trkpt>
      <trkpt lat="51.463731" lon="6.94874">
        <ele>77.75</ele>
      </trkpt>
      <trkpt lat="51.463839" lon="6.948369">
        <ele>77.5</ele>
      </trkpt>
      <trkpt lat="51.463959" lon="6.947931">
        <ele>77.25</ele>
      </trkpt>
      <trkpt lat="51.464064" lon="6.947554">
        <ele>77.25</ele>
      </trkpt>
      <trkpt lat="51.464116" lon="6.947348">
        <ele>77.25</ele>
      </trkpt>
      <trkpt lat="51.464219" lon="6.947069">
        <ele>76.75</ele>
      </trkpt>
      <trkpt lat="51.4643" lon="6.9469">
        <ele>76.5</ele>
      </trkpt>
      <trkpt lat="51.464409" lon="6.946705">
        <ele>76</ele>
      </trkpt>
      <trkpt lat="51.464551" lon="6.946504">
        <ele>75.75</ele>
      </trkpt>
      <trkpt lat="51.464952" lon="6.94603">
        <ele>74.75</ele>
      </trkpt>
      <trkpt lat="51.465097" lon="6.945858">
        <ele>74.5</ele>
      </trkpt>
      <trkpt lat="51.465214" lon="6.945718">
        <ele>74</ele>
      </trkpt>
      <trkpt lat="51.465483" lon="6.9454">
        <ele>73.5</ele>
      </trkpt>
      <trkpt lat="51.465579" lon="6.945292">
        <ele>73.5</ele>
      </trkpt>
      <trkpt lat="51.465673" lon="6.9452">
        <ele>73.5</ele>
      </trkpt>
      <trkpt lat="51.465828" lon="6.94507">
        <ele>73.75</ele>
      </trkpt>
      <trkpt lat="51.466036" lon="6.944927">
        <ele>74.25</ele>
      </trkpt>
      <trkpt lat="51.466368" lon="6.944703">
        <ele>74.75</ele>
      </trkpt>
      <trkpt lat="51.466642" lon="6.944555">
        <ele>75.5</ele>
      </trkpt>
      <trkpt lat="51.46668" lon="6.944576">
        <ele>75.5</ele>
      </trkpt>
      <trkpt lat="51.4668" lon="6.944636">
        <ele>75.25</ele>
      </trkpt>
      <trkpt lat="51.467005" lon="6.944816">
        <ele>75</ele>
      </trkpt>
      <trkpt lat="51.467139" lon="6.94494">
        <ele>75</ele>
      </trkpt>
      <trkpt lat="51.467612" lon="6.94536">
        <ele>75</ele>
      </trkpt>
      <trkpt lat="51.467789" lon="6.945518">
        <ele>75</ele>
      </trkpt>
      <trkpt lat="51.468155" lon="6.94584">
        <ele>74.75</ele>
      </trkpt>
      <trkpt lat="51.468362" lon="6.946007">
        <ele>74.75</ele>
      </trkpt>
      <trkpt lat="51.468377" lon="6.946018">
        <ele>74.75</ele>
      </trkpt>
      <trkpt lat="51.468399" lon="6.946033">
        <ele>74.75</ele>
      </trkpt>
      <trkpt lat="51.468571" lon="6.94615">
        <ele>74.25</ele>
      </trkpt>
      <trkpt lat="51.468672" lon="6.946216">
        <ele>74.25</ele>
      </trkpt>
      <trkpt lat="51.468875" lon="6.946347">
        <ele>74.25</ele>
      </trkpt>
      <trkpt lat="51.469009" lon="6.946431">
        <ele>74.25</ele>
      </trkpt>
      <trkpt lat="51.469266" lon="6.94662">
        <ele>74</ele>
      </trkpt>
      <trkpt lat="51.469561" lon="6.946876">
        <ele>71.75</ele>
      </trkpt>
      <trkpt lat="51.470023" lon="6.947356">
        <ele>68.5</ele>
      </trkpt>
      <trkpt lat="51.47026" lon="6.947605">
        <ele>67.75</ele>
      </trkpt>
      <trkpt lat="51.470329" lon="6.947679">
        <ele>67.5</ele>
      </trkpt>
      <trkpt lat="51.470404" lon="6.947758">
        <ele>67</ele>
      </trkpt>
      <trkpt lat="51.470458" lon="6.947814">
        <ele>66.75</ele>
      </trkpt>
      <trkpt lat="51.470511" lon="6.947895">
        <ele>66.5</ele>
      </trkpt>
      <trkpt lat="51.470528" lon="6.94792">
        <ele>66.5</ele>
      </trkpt>
      <trkpt lat="51.470582" lon="6.948003">
        <ele>66</ele>
      </trkpt>
      <trkpt lat="51.470628" lon="6.948074">
        <ele>65.75</ele>
      </trkpt>
      <trkpt lat="51.470688" lon="6.948179">
        <ele>65.25</ele>
      </trkpt>
      <trkpt lat="51.470763" lon="6.948343">
        <ele>64.5</ele>
      </trkpt>
      <trkpt lat="51.470848" lon="6.948567">
        <ele>64</ele>
      </trkpt>
      <trkpt lat="51.470899" lon="6.948649">
        <ele>64</ele>
      </trkpt>
      <trkpt lat="51.470966" lon="6.948794">
        <ele>64</ele>
      </trkpt>
      <trkpt lat="51.471078" lon="6.949101">
        <ele>64</ele>
      </trkpt>
      <trkpt lat="51.471104" lon="6.94915">
        <ele>64</ele>
      </trkpt>
      <trkpt lat="51.471136" lon="6.949189">
        <ele>63.75</ele>
      </trkpt>
      <trkpt lat="51.471162" lon="6.949217">
        <ele>63.75</ele>
      </trkpt>
      <trkpt lat="51.471213" lon="6.94927">
        <ele>63.5</ele>
      </trkpt>
      <trkpt lat="51.471224" lon="6.949279">
        <ele>63.5</ele>
      </trkpt>
      <trkpt lat="51.471238" lon="6.949291">
        <ele>63.5</ele>
      </trkpt>
      <trkpt lat="51.471255" lon="6.949303">
        <ele>63.5</ele>
      </trkpt>
      <trkpt lat="51.471268" lon="6.949312">
        <ele>63.5</ele>
      </trkpt>
      <trkpt lat="51.471286" lon="6.949317">
        <ele>63.25</ele>
      </trkpt>
      <trkpt lat="51.471307" lon="6.949313">
        <ele>63.25</ele>
      </trkpt>
      <trkpt lat="51.47133" lon="6.949302">
        <ele>63.25</ele>
      </trkpt>
      <trkpt lat="51.471342" lon="6.94929">
        <ele>63</ele>
      </trkpt>
      <trkpt lat="51.471378" lon="6.949258">
        <ele>63</ele>
      </trkpt>
      <trkpt lat="51.471407" lon="6.949231">
        <ele>62.75</ele>
      </trkpt>
      <trkpt lat="51.471534" lon="6.949113">
        <ele>61.29729246613635</ele>
      </trkpt>
      <trkpt lat="51.4715533169167" lon="6.949192381053422">
        <ele>61.23309760419292</ele>
      </trkpt>
      <trkpt lat="51.47161449724024" lon="6.9492625368432925">
        <ele>60.85299497458832</ele>
      </trkpt>
      <trkpt lat="51.47168004749582" lon="6.949297614738242">
        <ele>60.43825868554481</ele>
      </trkpt>
      <trkpt lat="51.471811147724424" lon="6.949283583580268">
        <ele>59.71235733884463</ele>
      </trkpt>
      <trkpt lat="51.47197502248099" lon="6.949139764210315">
        <ele>59.20143828799556</ele>
      </trkpt>
      <trkpt lat="51.47233335989671" lon="6.948810031995151">
        <ele>60.66457972065631</ele>
      </trkpt>
      <trkpt lat="51.47247756806263" lon="6.948666212625227">
        <ele>61.63426509203786</ele>
      </trkpt>
      <trkpt lat="51.47251034258235" lon="6.948585533466144">
        <ele>61.8057450425687</ele>
      </trkpt>
      <trkpt lat="51.47252563735" lon="6.948438206306037">
        <ele>61.95080203558454</ele>
      </trkpt>
      <trkpt lat="51.47249286284125" lon="6.948287371355747">
        <ele>61.78158532851478</ele>
      </trkpt>
      <trkpt lat="51.472456" lon="6.948164">
        <ele>62</ele>
      </trkpt>
      <trkpt lat="51.472451" lon="6.948146">
        <ele>62</ele>
      </trkpt>
      <trkpt lat="51.472418" lon="6.948043">
        <ele>62.25</ele>
      </trkpt>
      <trkpt lat="51.47234" lon="6.947819">
        <ele>62.5</ele>
      </trkpt>
      <trkpt lat="51.472254" lon="6.947627">
        <ele>63</ele>
      </trkpt>
      <trkpt lat="51.472236" lon="6.947569">
        <ele>63</ele>
      </trkpt>
      <trkpt lat="51.471991" lon="6.946888">
        <ele>64</ele>
      </trkpt>
      <trkpt lat="51.471898" lon="6.94662">
        <ele>64.5</ele>
      </trkpt>
      <trkpt lat="51.471839" lon="6.946443">
        <ele>64.75</ele>
      </trkpt>
      <trkpt lat="51.471566" lon="6.945701">
        <ele>66</ele>
      </trkpt>
      <trkpt lat="51.471548" lon="6.945651">
        <ele>66</ele>
      </trkpt>
      <trkpt lat="51.471311" lon="6.945013">
        <ele>66.5</ele>
      </trkpt>
      <trkpt lat="51.471251" lon="6.94485">
        <ele>67</ele>
      </trkpt>
      <trkpt lat="51.471035" lon="6.944277">
        <ele>69.5</ele>
      </trkpt>
      <trkpt lat="51.470938" lon="6.944018">
        <ele>70.5</ele>
      </trkpt>
      <trkpt lat="51.470788" lon="6.943597">
        <ele>71.75</ele>
      </trkpt>
      <trkpt lat="51.470675" lon="6.943249">
        <ele>73</ele>
      </trkpt>
      <trkpt lat="51.470614" lon="6.943045">
        <ele>73.5</ele>
      </trkpt>
      <trkpt lat="51.471501" lon="6.942213">
        <ele>76</ele>
      </trkpt>
      <trkpt lat="51.471597" lon="6.942164">
        <ele>76.25</ele>
      </trkpt>
      <trkpt lat="51.471701" lon="6.942093">
        <ele>76.25</ele>
      </trkpt>
      <trkpt lat="51.471785" lon="6.942033">
        <ele>76.25</ele>
      </trkpt>
      <trkpt lat="51.471835" lon="6.941992">
        <ele>76.25</ele>
      </trkpt>
      <trkpt lat="51.471999" lon="6.941841">
        <ele>76</ele>
      </trkpt>
      <trkpt lat="51.47205" lon="6.941796">
        <ele>75.75</ele>
      </trkpt>
      <trkpt lat="51.472167" lon="6.941674">
        <ele>75.75</ele>
      </trkpt>
      <trkpt lat="51.472322" lon="6.941601">
        <ele>75.5</ele>
      </trkpt>
      <trkpt lat="51.472492" lon="6.941566">
        <ele>75.25</ele>
      </trkpt>
      <trkpt lat="51.47267" lon="6.941552">
        <ele>76</ele>
      </trkpt>
      <trkpt lat="51.473025" lon="6.941566">
        <ele>77.5</ele>
      </trkpt>
      <trkpt lat="51.473312" lon="6.941584">
        <ele>77.5</ele>
      </trkpt>
      <trkpt lat="51.473922" lon="6.941623">
        <ele>78</ele>
      </trkpt>
      <trkpt lat="51.474217" lon="6.941638">
        <ele>77.5</ele>
      </trkpt>
      <trkpt lat="51.474422" lon="6.941637">
        <ele>76.5</ele>
      </trkpt>
      <trkpt lat="51.474522" lon="6.941648">
        <ele>76.25</ele>
      </trkpt>
      <trkpt lat="51.474653" lon="6.941669">
        <ele>75.5</ele>
      </trkpt>
      <trkpt lat="51.475318" lon="6.941823">
        <ele>73.25</ele>
      </trkpt>
      <trkpt lat="51.47543" lon="6.941857">
        <ele>73</ele>
      </trkpt>
      <trkpt lat="51.47563" lon="6.941919">
        <ele>72.5</ele>
      </trkpt>
      <trkpt lat="51.475923" lon="6.942052">
        <ele>71</ele>
      </trkpt>
      <trkpt lat="51.47597" lon="6.94207">
        <ele>70.5</ele>
      </trkpt>
      <trkpt lat="51.47622" lon="6.942169">
        <ele>68.75</ele>
      </trkpt>
      <trkpt lat="51.476506" lon="6.94229">
        <ele>66.5</ele>
      </trkpt>
      <trkpt lat="51.476792" lon="6.942427">
        <ele>65</ele>
      </trkpt>
      <trkpt lat="51.47689" lon="6.942478">
        <ele>64.75</ele>
      </trkpt>
      <trkpt lat="51.476995" lon="6.94254">
        <ele>64.5</ele>
      </trkpt>
      <trkpt lat="51.477016" lon="6.942551">
        <ele>64.25</ele>
      </trkpt>
      <trkpt lat="51.477082" lon="6.942588">
        <ele>64.25</ele>
      </trkpt>
      <trkpt lat="51.477204" lon="6.942662">
        <ele>63.75</ele>
      </trkpt>
      <trkpt lat="51.477204" lon="6.942662">
        <ele>63.75</ele>
      </trkpt>
      <trkpt lat="51.477265" lon="6.942699">
        <ele>63.75</ele>
      </trkpt>
      <trkpt lat="51.477357" lon="6.942774">
        <ele>63.5</ele>
      </trkpt>
      <trkpt lat="51.477457" lon="6.94287">
        <ele>63.5</ele>
      </trkpt>
      <trkpt lat="51.477553" lon="6.942979">
        <ele>63</ele>
      </trkpt>
      <trkpt lat="51.477623" lon="6.943074">
        <ele>62.5</ele>
      </trkpt>
      <trkpt lat="51.477719" lon="6.943221">
        <ele>61.75</ele>
      </trkpt>
      <trkpt lat="51.477798" lon="6.943377">
        <ele>61</ele>
      </trkpt>
      <trkpt lat="51.477813" lon="6.943408">
        <ele>61</ele>
      </trkpt>
      <trkpt lat="51.477872" lon="6.943528">
        <ele>60.5</ele>
      </trkpt>
      <trkpt lat="51.477937" lon="6.943684">
        <ele>60</ele>
      </trkpt>
      <trkpt lat="51.477978" lon="6.943784">
        <ele>59.75</ele>
      </trkpt>
      <trkpt lat="51.477997" lon="6.943828">
        <ele>59.75</ele>
      </trkpt>
      <trkpt lat="51.478196" lon="6.944321">
        <ele>58.5</ele>
      </trkpt>
      <trkpt lat="51.478264" lon="6.944561">
        <ele>58.25</ele>
      </trkpt>
      <trkpt lat="51.478307" lon="6.944761">
        <ele>58</ele>
      </trkpt>
      <trkpt lat="51.478354" lon="6.945005">
        <ele>57.75</ele>
      </trkpt>
      <trkpt lat="51.47836" lon="6.945025">
        <ele>57.75</ele>
      </trkpt>
      <trkpt lat="51.478383" lon="6.945057">
        <ele>57.75</ele>
      </trkpt>
      <trkpt lat="51.47852" lon="6.945076">
        <ele>57.5</ele>
      </trkpt>
      <trkpt lat="51.478567" lon="6.945093">
        <ele>57.5</ele>
      </trkpt>
      <trkpt lat="51.478626" lon="6.94515">
        <ele>57.25</ele>
      </trkpt>
      <trkpt lat="51.478827" lon="6.945404">
        <ele>56.75</ele>
      </trkpt>
      <trkpt lat="51.479091" lon="6.945742">
        <ele>56</ele>
      </trkpt>
      <trkpt lat="51.479242" lon="6.945933">
        <ele>55.75</ele>
      </trkpt>
      <trkpt lat="51.479767" lon="6.946596">
        <ele>54.25</ele>
      </trkpt>
      <trkpt lat="51.480055" lon="6.94696">
        <ele>53.5</ele>
      </trkpt>
      <trkpt lat="51.480264" lon="6.947226">
        <ele>52.5</ele>
      </trkpt>
      <trkpt lat="51.480291" lon="6.947259">
        <ele>52.5</ele>
      </trkpt>
      <trkpt lat="51.480359" lon="6.947412">
        <ele>52</ele>
      </trkpt>
      <trkpt lat="51.480389" lon="6.947472">
        <ele>52</ele>
      </trkpt>
      <trkpt lat="51.480441" lon="6.947545">
        <ele>51.75</ele>
      </trkpt>
      <trkpt lat="51.480491" lon="6.947572">
        <ele>51.5</ele>
      </trkpt>
      <trkpt lat="51.48073" lon="6.947684">
        <ele>51</ele>
      </trkpt>
      <trkpt lat="51.481036" lon="6.947829">
        <ele>50.75</ele>
      </trkpt>
      <trkpt lat="51.481155" lon="6.947884">
        <ele>50.75</ele>
      </trkpt>
      <trkpt lat="51.481251" lon="6.947929">
        <ele>51</ele>
      </trkpt>
      <trkpt lat="51.481445" lon="6.948021">
        <ele>51.25</ele>
      </trkpt>
      <trkpt lat="51.481526" lon="6.948105">
        <ele>51.25</ele>
      </trkpt>
      <trkpt lat="51.481543" lon="6.948122">
        <ele>51.5</ele>
      </trkpt>
      <trkpt lat="51.481601" lon="6.948169">
        <ele>51.5</ele>
      </trkpt>
      <trkpt lat="51.48187" lon="6.948323">
        <ele>51.25</ele>
      </trkpt>
      <trkpt lat="51.481896" lon="6.948336">
        <ele>51</ele>
      </trkpt>
      <trkpt lat="51.482009" lon="6.948395">
        <ele>50.5</ele>
      </trkpt>
      <trkpt lat="51.482185" lon="6.948488">
        <ele>49.75</ele>
      </trkpt>
      <trkpt lat="51.482275" lon="6.948532">
        <ele>49.5</ele>
      </trkpt>
      <trkpt lat="51.482509" lon="6.948623">
        <ele>48.5</ele>
      </trkpt>
      <trkpt lat="51.482604" lon="6.948661">
        <ele>48.25</ele>
      </trkpt>
      <trkpt lat="51.48273" lon="6.948689">
        <ele>47.75</ele>
      </trkpt>
      <trkpt lat="51.483152" lon="6.948879">
        <ele>46.5</ele>
      </trkpt>
      <trkpt lat="51.483443" lon="6.949026">
        <ele>45.75</ele>
      </trkpt>
      <trkpt lat="51.483736" lon="6.949187">
        <ele>45.25</ele>
      </trkpt>
      <trkpt lat="51.484021" lon="6.949341">
        <ele>44.75</ele>
      </trkpt>
      <trkpt lat="51.484403" lon="6.949559">
        <ele>43.75</ele>
      </trkpt>
      <trkpt lat="51.484567" lon="6.949648">
        <ele>43.25</ele>
      </trkpt>
      <trkpt lat="51.484634" lon="6.949685">
        <ele>43.25</ele>
      </trkpt>
      <trkpt lat="51.485136" lon="6.949966">
        <ele>42</ele>
      </trkpt>
      <trkpt lat="51.485412" lon="6.950126">
        <ele>42</ele>
      </trkpt>
      <trkpt lat="51.485596" lon="6.950242">
        <ele>42</ele>
      </trkpt>
      <trkpt lat="51.485762" lon="6.950336">
        <ele>42</ele>
      </trkpt>
      <trkpt lat="51.485819" lon="6.950362">
        <ele>42</ele>
      </trkpt>
      <trkpt lat="51.486013" lon="6.950458">
        <ele>41.25</ele>
      </trkpt>
      <trkpt lat="51.486247" lon="6.950576">
        <ele>40.75</ele>
      </trkpt>
      <trkpt lat="51.486547" lon="6.950742">
        <ele>40</ele>
      </trkpt>
      <trkpt lat="51.486736" lon="6.950848">
        <ele>40</ele>
      </trkpt>
      <trkpt lat="51.486956" lon="6.950971">
        <ele>40</ele>
      </trkpt>
      <trkpt lat="51.487234" lon="6.951122">
        <ele>40.25</ele>
      </trkpt>
      <trkpt lat="51.487508" lon="6.951273">
        <ele>40.5</ele>
      </trkpt>
      <trkpt lat="51.487536" lon="6.95129">
        <ele>40.5</ele>
      </trkpt>
      <trkpt lat="51.488071" lon="6.95158">
        <ele>41.25</ele>
      </trkpt>
      <trkpt lat="51.488666" lon="6.951915">
        <ele>40.75</ele>
      </trkpt>
      <trkpt lat="51.488685" lon="6.951924">
        <ele>40.75</ele>
      </trkpt>
      <trkpt lat="51.488986" lon="6.952083">
        <ele>39</ele>
      </trkpt>
      <trkpt lat="51.489128" lon="6.952158">
        <ele>38.25</ele>
      </trkpt>
      <trkpt lat="51.489458" lon="6.952346">
        <ele>38</ele>
      </trkpt>
      <trkpt lat="51.489551" lon="6.952397">
        <ele>38</ele>
      </trkpt>
      <trkpt lat="51.489797" lon="6.952533">
        <ele>37.75</ele>
      </trkpt>
      <trkpt lat="51.490085" lon="6.9527">
        <ele>38</ele>
      </trkpt>
      <trkpt lat="51.490281" lon="6.952807">
        <ele>38</ele>
      </trkpt>
      <trkpt lat="51.490424" lon="6.952892">
        <ele>38</ele>
      </trkpt>
      <trkpt lat="51.4906" lon="6.952999">
        <ele>38</ele>
      </trkpt>
      <trkpt lat="51.490644" lon="6.953019">
        <ele>38</ele>
      </trkpt>
      <trkpt lat="51.490874" lon="6.953129">
        <ele>37.75</ele>
      </trkpt>
      <trkpt lat="51.491154" lon="6.953282">
        <ele>37.75</ele>
      </trkpt>
      <trkpt lat="51.491298" lon="6.953358">
        <ele>38</ele>
      </trkpt>
      <trkpt lat="51.491705" lon="6.952688">
        <ele>37</ele>
      </trkpt>
      <trkpt lat="51.492391" lon="6.951562">
        <ele>36.25</ele>
      </trkpt>
      <trkpt lat="51.493075" lon="6.950405">
        <ele>39.5</ele>
      </trkpt>
      <trkpt lat="51.493278" lon="6.950066">
        <ele>40.75</ele>
      </trkpt>
      <trkpt lat="51.493371" lon="6.949932">
        <ele>40.75</ele>
      </trkpt>
      <trkpt lat="51.493471" lon="6.94985">
        <ele>40.75</ele>
      </trkpt>
      <trkpt lat="51.49358" lon="6.94979">
        <ele>40.75</ele>
      </trkpt>
      <trkpt lat="51.493675" lon="6.949784">
        <ele>40.75</ele>
      </trkpt>
      <trkpt lat="51.493763" lon="6.949806">
        <ele>40.75</ele>
      </trkpt>
      <trkpt lat="51.493852" lon="6.949834">
        <ele>40.75</ele>
      </trkpt>
      <trkpt lat="51.49394" lon="6.949888">
        <ele>40.75</ele>
      </trkpt>
      <trkpt lat="51.494029" lon="6.949998">
        <ele>40.75</ele>
      </trkpt>
      <trkpt lat="51.494383" lon="6.950506">
        <ele>40</ele>
      </trkpt>
      <trkpt lat="51.494728" lon="6.951001">
        <ele>39.75</ele>
      </trkpt>
      <trkpt lat="51.494829" lon="6.951149">
        <ele>39.5</ele>
      </trkpt>
      <trkpt lat="51.495009" lon="6.951418">
        <ele>39.5</ele>
      </trkpt>
      <trkpt lat="51.495094" lon="6.951586">
        <ele>39.5</ele>
      </trkpt>
      <trkpt lat="51.495148" lon="6.951703">
        <ele>39.5</ele>
      </trkpt>
      <trkpt lat="51.495216" lon="6.951874">
        <ele>39.5</ele>
      </trkpt>
      <trkpt lat="51.495283" lon="6.951775">
        <ele>39.25</ele>
      </trkpt>
      <trkpt lat="51.495389" lon="6.951639">
        <ele>39</ele>
      </trkpt>
      <trkpt lat="51.495761" lon="6.951072">
        <ele>38.75</ele>
      </trkpt>
      <trkpt lat="51.496317" lon="6.950165">
        <ele>39.25</ele>
      </trkpt>
      <trkpt lat="51.49633" lon="6.950145">
        <ele>39.5</ele>
      </trkpt>
      <trkpt lat="51.498007" lon="6.947378">
        <ele>41</ele>
      </trkpt>
      <trkpt lat="51.498457" lon="6.946663">
        <ele>40</ele>
      </trkpt>
      <trkpt lat="51.498894" lon="6.946072">
        <ele>35.75</ele>
      </trkpt>
      <trkpt lat="51.49904" lon="6.945881">
        <ele>34.5</ele>
      </trkpt>
      <trkpt lat="51.499492" lon="6.945306">
        <ele>33.5</ele>
      </trkpt>
      <trkpt lat="51.499591" lon="6.945185">
        <ele>34</ele>
      </trkpt>
      <trkpt lat="51.499618" lon="6.94515">
        <ele>34</ele>
      </trkpt>
      <trkpt lat="51.499682" lon="6.945067">
        <ele>34.25</ele>
      </trkpt>
      <trkpt lat="51.500051" lon="6.944587">
        <ele>36.5</ele>
      </trkpt>
      <trkpt lat="51.500384" lon="6.944121">
        <ele>37.75</ele>
      </trkpt>
      <trkpt lat="51.500629" lon="6.943741">
        <ele>39</ele>
      </trkpt>
      <trkpt lat="51.500762" lon="6.943521">
        <ele>39.5</ele>
      </trkpt>
      <trkpt lat="51.500925" lon="6.943239">
        <ele>40</ele>
      </trkpt>
      <trkpt lat="51.501135" lon="6.942717">
        <ele>40.75</ele>
      </trkpt>
      <trkpt lat="51.501259" lon="6.942411">
        <ele>41</ele>
      </trkpt>
      <trkpt lat="51.501462" lon="6.941768">
        <ele>41.25</ele>
      </trkpt>
      <trkpt lat="51.50161" lon="6.941183">
        <ele>40.5</ele>
      </trkpt>
      <trkpt lat="51.501657" lon="6.940992">
        <ele>40</ele>
      </trkpt>
      <trkpt lat="51.501795" lon="6.940371">
        <ele>40</ele>
      </trkpt>
      <trkpt lat="51.50197" lon="6.939482">
        <ele>39.25</ele>
      </trkpt>
      <trkpt lat="51.50207" lon="6.938982">
        <ele>38.75</ele>
      </trkpt>
      <trkpt lat="51.502092" lon="6.938879">
        <ele>38.5</ele>
      </trkpt>
      <trkpt lat="51.502092" lon="6.938879">
        <ele>38.5</ele>
      </trkpt>
      <trkpt lat="51.502178" lon="6.938488">
        <ele>38.5</ele>
      </trkpt>
      <trkpt lat="51.502341" lon="6.937877">
        <ele>38.75</ele>
      </trkpt>
      <trkpt lat="51.502403" lon="6.93769">
        <ele>38.75</ele>
      </trkpt>
      <trkpt lat="51.502488" lon="6.937463">
        <ele>38.75</ele>
      </trkpt>
      <trkpt lat="51.502562" lon="6.937281">
        <ele>38.75</ele>
      </trkpt>
      <trkpt lat="51.502766" lon="6.936898">
        <ele>38</ele>
      </trkpt>
      <trkpt lat="51.502849" lon="6.936757">
        <ele>37.75</ele>
      </trkpt>
      <trkpt lat="51.50291" lon="6.936661">
        <ele>37.5</ele>
      </trkpt>
      <trkpt lat="51.503067" lon="6.936455">
        <ele>36.75</ele>
      </trkpt>
      <trkpt lat="51.503178" lon="6.936317">
        <ele>36.25</ele>
      </trkpt>
      <trkpt lat="51.503318" lon="6.936165">
        <ele>35.25</ele>
      </trkpt>
      <trkpt lat="51.503631" lon="6.935895">
        <ele>35.25</ele>
      </trkpt>
      <trkpt lat="51.503753" lon="6.935789">
        <ele>35.5</ele>
      </trkpt>
      <trkpt lat="51.503935" lon="6.935693">
        <ele>35.75</ele>
      </trkpt>
      <trkpt lat="51.504233" lon="6.935551">
        <ele>36.25</ele>
      </trkpt>
      <trkpt lat="51.504489" lon="6.935447">
        <ele>37</ele>
      </trkpt>
      <trkpt lat="51.504747" lon="6.93538">
        <ele>37.5</ele>
      </trkpt>
      <trkpt lat="51.504908" lon="6.935354">
        <ele>37.75</ele>
      </trkpt>
      <trkpt lat="51.505083" lon="6.935332">
        <ele>37.5</ele>
      </trkpt>
      <trkpt lat="51.505152" lon="6.935326">
        <ele>37.25</ele>
      </trkpt>
      <trkpt lat="51.505222" lon="6.935319">
        <ele>37</ele>
      </trkpt>
      <trkpt lat="51.505299" lon="6.935313">
        <ele>36.75</ele>
      </trkpt>
      <trkpt lat="51.505744" lon="6.935312">
        <ele>35.25</ele>
      </trkpt>
      <trkpt lat="51.506281" lon="6.935306">
        <ele>33.75</ele>
      </trkpt>
      <trkpt lat="51.507319" lon="6.935288">
        <ele>33</ele>
      </trkpt>
      <trkpt lat="51.507359" lon="6.935288">
        <ele>33</ele>
      </trkpt>
      <trkpt lat="51.507519" lon="6.935285">
        <ele>33</ele>
      </trkpt>
      <trkpt lat="51.508501" lon="6.935247">
        <ele>33.25</ele>
      </trkpt>
      <trkpt lat="51.508802" lon="6.935226">
        <ele>33.75</ele>
      </trkpt>
      <trkpt lat="51.508836" lon="6.935222">
        <ele>33.75</ele>
      </trkpt>
      <trkpt lat="51.508991" lon="6.935215">
        <ele>34</ele>
      </trkpt>
      <trkpt lat="51.509084" lon="6.935323">
        <ele>34.25</ele>
      </trkpt>
      <trkpt lat="51.509209" lon="6.935472">
        <ele>34.5</ele>
      </trkpt>
      <trkpt lat="51.509257" lon="6.935523">
        <ele>34.5</ele>
      </trkpt>
      <trkpt lat="51.509257" lon="6.935523">
        <ele>35.0963493621448</ele>
      </trkpt>
      <trkpt lat="51.50964757581312" lon="6.9358763262591765">
        <ele>35.418383684941816</ele>
      </trkpt>
      <trkpt lat="51.50964757581312" lon="6.9358763262591765">
        <ele>35.418383684941816</ele>
      </trkpt>
      <trkpt lat="51.50983839983235" lon="6.936152268915549">
        <ele>34.69999899943433</ele>
      </trkpt>
      <trkpt lat="51.51019250113217" lon="6.936554613245647">
        <ele>35.29036677299011</ele>
      </trkpt>
      <trkpt lat="51.51044874727992" lon="6.936694774595338">
        <ele>36.58202853668522</ele>
      </trkpt>
      <trkpt lat="51.510542" lon="6.936724">
        <ele>38.25</ele>
      </trkpt>
      <trkpt lat="51.510541" lon="6.936723">
        <ele>38.25</ele>
      </trkpt>
      <trkpt lat="51.510545" lon="6.936727">
        <ele>38.5</ele>
      </trkpt>
      <trkpt lat="51.511021" lon="6.937192">
        <ele>39.5</ele>
      </trkpt>
      <trkpt lat="51.511134" lon="6.937281">
        <ele>39.5</ele>
      </trkpt>
      <trkpt lat="51.511281" lon="6.937369">
        <ele>39.5</ele>
      </trkpt>
      <trkpt lat="51.511414" lon="6.937436">
        <ele>39.75</ele>
      </trkpt>
      <trkpt lat="51.51145" lon="6.937451">
        <ele>39.75</ele>
      </trkpt>
      <trkpt lat="51.511748" lon="6.937536">
        <ele>40</ele>
      </trkpt>
      <trkpt lat="51.511849" lon="6.937572">
        <ele>40.25</ele>
      </trkpt>
      <trkpt lat="51.512006" lon="6.937697">
        <ele>40.25</ele>
      </trkpt>
      <trkpt lat="51.51214" lon="6.93784">
        <ele>40.25</ele>
      </trkpt>
      <trkpt lat="51.512284" lon="6.938097">
        <ele>40</ele>
      </trkpt>
      <trkpt lat="51.512319" lon="6.938159">
        <ele>40</ele>
      </trkpt>
      <trkpt lat="51.512414" lon="6.938331">
        <ele>39.75</ele>
      </trkpt>
      <trkpt lat="51.512513" lon="6.938183">
        <ele>40.25</ele>
      </trkpt>
      <trkpt lat="51.512578" lon="6.938111">
        <ele>40.5</ele>
      </trkpt>
      <trkpt lat="51.512961" lon="6.937691">
        <ele>41.5</ele>
      </trkpt>
      <trkpt lat="51.513342" lon="6.93723">
        <ele>42.75</ele>
      </trkpt>
      <trkpt lat="51.513509" lon="6.937029">
        <ele>42.75</ele>
      </trkpt>
      <trkpt lat="51.514047" lon="6.936323">
        <ele>43.25</ele>
      </trkpt>
      <trkpt lat="51.514702" lon="6.935506">
        <ele>45.75</ele>
      </trkpt>
      <trkpt lat="51.514955" lon="6.935174">
        <ele>46.5</ele>
      </trkpt>
      <trkpt lat="51.515069" lon="6.934995">
        <ele>47</ele>
      </trkpt>
      <trkpt lat="51.515275" lon="6.934635">
        <ele>48</ele>
      </trkpt>
      <trkpt lat="51.515393" lon="6.934381">
        <ele>48.75</ele>
      </trkpt>
      <trkpt lat="51.515618" lon="6.934259">
        <ele>49.5</ele>
      </trkpt>
      <trkpt lat="51.515771" lon="6.934145">
        <ele>49.75</ele>
      </trkpt>
      <trkpt lat="51.515895" lon="6.934054">
        <ele>50.25</ele>
      </trkpt>
      <trkpt lat="51.516648" lon="6.933397">
        <ele>53.75</ele>
      </trkpt>
      <trkpt lat="51.517254" lon="6.93294">
        <ele>54.5</ele>
      </trkpt>
      <trkpt lat="51.517636" lon="6.932695">
        <ele>54</ele>
      </trkpt>
      <trkpt lat="51.518185" lon="6.932419">
        <ele>52.5</ele>
      </trkpt>
      <trkpt lat="51.518512" lon="6.932285">
        <ele>51.75</ele>
      </trkpt>
      <trkpt lat="51.518664" lon="6.932222">
        <ele>51.5</ele>
      </trkpt>
      <trkpt lat="51.518751" lon="6.932187">
        <ele>51.25</ele>
      </trkpt>
      <trkpt lat="51.519051" lon="6.932066">
        <ele>50.25</ele>
      </trkpt>
      <trkpt lat="51.519303" lon="6.931966">
        <ele>49.75</ele>
      </trkpt>
      <trkpt lat="51.519442" lon="6.931913">
        <ele>49.75</ele>
      </trkpt>
      <trkpt lat="51.519553" lon="6.931867">
        <ele>49.5</ele>
      </trkpt>
      <trkpt lat="51.519992" lon="6.931693">
        <ele>49</ele>
      </trkpt>
      <trkpt lat="51.520729" lon="6.931399">
        <ele>48.75</ele>
      </trkpt>
      <trkpt lat="51.521243" lon="6.931193">
        <ele>49.75</ele>
      </trkpt>
      <trkpt lat="51.521256" lon="6.931188">
        <ele>50</ele>
      </trkpt>
      <trkpt lat="51.521486" lon="6.931091">
        <ele>50.75</ele>
      </trkpt>
      <trkpt lat="51.52157" lon="6.931056">
        <ele>51</ele>
      </trkpt>
      <trkpt lat="51.52199" lon="6.930892">
        <ele>51.5</ele>
      </trkpt>
      <trkpt lat="51.522432" lon="6.930706">
        <ele>50.75</ele>
      </trkpt>
      <trkpt lat="51.522474" lon="6.930688">
        <ele>50.75</ele>
      </trkpt>
      <trkpt lat="51.522603" lon="6.930633">
        <ele>50.75</ele>
      </trkpt>
      <trkpt lat="51.52274" lon="6.930578">
        <ele>50.75</ele>
      </trkpt>
      <trkpt lat="51.52287" lon="6.930526">
        <ele>50.75</ele>
      </trkpt>
      <trkpt lat="51.523328" lon="6.930354">
        <ele>50.75</ele>
      </trkpt>
      <trkpt lat="51.52337" lon="6.93034">
        <ele>51</ele>
      </trkpt>
      <trkpt lat="51.52352" lon="6.930288">
        <ele>51.25</ele>
      </trkpt>
      <trkpt lat="51.523667" lon="6.930228">
        <ele>51.5</ele>
      </trkpt>
      <trkpt lat="51.523795" lon="6.930165">
        <ele>51.75</ele>
      </trkpt>
      <trkpt lat="51.523955" lon="6.930085">
        <ele>52.25</ele>
      </trkpt>
      <trkpt lat="51.524222" lon="6.929836">
        <ele>53.25</ele>
      </trkpt>
      <trkpt lat="51.524625" lon="6.929455">
        <ele>54</ele>
      </trkpt>
      <trkpt lat="51.524851" lon="6.929268">
        <ele>54</ele>
      </trkpt>
      <trkpt lat="51.524956" lon="6.929196">
        <ele>54</ele>
      </trkpt>
      <trkpt lat="51.52514" lon="6.929094">
        <ele>53.5</ele>
      </trkpt>
      <trkpt lat="51.525437" lon="6.92901">
        <ele>52.75</ele>
      </trkpt>
      <trkpt lat="51.52563" lon="6.928991">
        <ele>52.25</ele>
      </trkpt>
      <trkpt lat="51.525794" lon="6.928958">
        <ele>52</ele>
      </trkpt>
      <trkpt lat="51.52585" lon="6.928948">
        <ele>51.75</ele>
      </trkpt>
      <trkpt lat="51.525889" lon="6.928941">
        <ele>51.75</ele>
      </trkpt>
      <trkpt lat="51.526183" lon="6.928887">
        <ele>51</ele>
      </trkpt>
      <trkpt lat="51.526244" lon="6.928869">
        <ele>51</ele>
      </trkpt>
      <trkpt lat="51.526409" lon="6.928822">
        <ele>50.5</ele>
      </trkpt>
      <trkpt lat="51.526457" lon="6.928821">
        <ele>50.5</ele>
      </trkpt>
      <trkpt lat="51.526759" lon="6.928853">
        <ele>50</ele>
      </trkpt>
      <trkpt lat="51.526868" lon="6.928866">
        <ele>50</ele>
      </trkpt>
      <trkpt lat="51.527073" lon="6.928894">
        <ele>50</ele>
      </trkpt>
      <trkpt lat="51.52727" lon="6.928922">
        <ele>50</ele>
      </trkpt>
      <trkpt lat="51.527374" lon="6.928936">
        <ele>50</ele>
      </trkpt>
      <trkpt lat="51.527567" lon="6.928966">
        <ele>50</ele>
      </trkpt>
      <trkpt lat="51.527581" lon="6.928968">
        <ele>50</ele>
      </trkpt>
      <trkpt lat="51.52766" lon="6.92898">
        <ele>50</ele>
      </trkpt>
      <trkpt lat="51.528154" lon="6.929056">
        <ele>50.75</ele>
      </trkpt>
      <trkpt lat="51.528831" lon="6.929168">
        <ele>49.75</ele>
      </trkpt>
      <trkpt lat="51.528974" lon="6.92919">
        <ele>49.25</ele>
      </trkpt>
      <trkpt lat="51.529301" lon="6.929241">
        <ele>48.75</ele>
      </trkpt>
      <trkpt lat="51.529532" lon="6.929278">
        <ele>48.75</ele>
      </trkpt>
      <trkpt lat="51.530051" lon="6.929361">
        <ele>48.25</ele>
      </trkpt>
      <trkpt lat="51.530169" lon="6.929383">
        <ele>48.25</ele>
      </trkpt>
      <trkpt lat="51.530849" lon="6.929604">
        <ele>47.5</ele>
      </trkpt>
      <trkpt lat="51.530957" lon="6.929639">
        <ele>47.5</ele>
      </trkpt>
      <trkpt lat="51.531429" lon="6.929803">
        <ele>48.25</ele>
      </trkpt>
      <trkpt lat="51.531534" lon="6.929839">
        <ele>48.5</ele>
      </trkpt>
      <trkpt lat="51.531935" lon="6.929984">
        <ele>49.25</ele>
      </trkpt>
      <trkpt lat="51.532297" lon="6.930126">
        <ele>49.5</ele>
      </trkpt>
      <trkpt lat="51.532424" lon="6.930174">
        <ele>49.5</ele>
      </trkpt>
      <trkpt lat="51.532934" lon="6.930369">
        <ele>49.75</ele>
      </trkpt>
      <trkpt lat="51.533086" lon="6.930426">
        <ele>49.75</ele>
      </trkpt>
      <trkpt lat="51.533451" lon="6.930557">
        <ele>49.75</ele>
      </trkpt>
      <trkpt lat="51.533763" lon="6.930668">
        <ele>49.25</ele>
      </trkpt>
      <trkpt lat="51.53384" lon="6.930696">
        <ele>49.25</ele>
      </trkpt>
      <trkpt lat="51.534454" lon="6.930914">
        <ele>48</ele>
      </trkpt>
      <trkpt lat="51.5346" lon="6.930966">
        <ele>47.5</ele>
      </trkpt>
      <trkpt lat="51.534698" lon="6.931004">
        <ele>47.25</ele>
      </trkpt>
      <trkpt lat="51.534822" lon="6.931068">
        <ele>47</ele>
      </trkpt>
      <trkpt lat="51.535266" lon="6.931301">
        <ele>46</ele>
      </trkpt>
      <trkpt lat="51.535302" lon="6.93132">
        <ele>46</ele>
      </trkpt>
      <trkpt lat="51.53575" lon="6.93155">
        <ele>44.25</ele>
      </trkpt>
      <trkpt lat="51.535876" lon="6.931624">
        <ele>43.75</ele>
      </trkpt>
      <trkpt lat="51.536135" lon="6.931768">
        <ele>42.75</ele>
      </trkpt>
      <trkpt lat="51.536379" lon="6.931902">
        <ele>42</ele>
      </trkpt>
      <trkpt lat="51.53673" lon="6.932096">
        <ele>41.5</ele>
      </trkpt>
      <trkpt lat="51.53685" lon="6.932162">
        <ele>41.75</ele>
      </trkpt>
      <trkpt lat="51.537164" lon="6.932335">
        <ele>42.25</ele>
      </trkpt>
      <trkpt lat="51.537195" lon="6.932352">
        <ele>42.25</ele>
      </trkpt>
      <trkpt lat="51.537249" lon="6.932381">
        <ele>42.5</ele>
      </trkpt>
      <trkpt lat="51.537307" lon="6.932413">
        <ele>42.5</ele>
      </trkpt>
      <trkpt lat="51.537375" lon="6.932444">
        <ele>42.75</ele>
      </trkpt>
      <trkpt lat="51.537404" lon="6.932458">
        <ele>42.75</ele>
      </trkpt>
      <trkpt lat="51.537742" lon="6.932613">
        <ele>43.5</ele>
      </trkpt>
      <trkpt lat="51.537952" lon="6.932697">
        <ele>44</ele>
      </trkpt>
      <trkpt lat="51.538895" lon="6.932966">
        <ele>44.5</ele>
      </trkpt>
      <trkpt lat="51.538966" lon="6.932985">
        <ele>44.5</ele>
      </trkpt>
      <trkpt lat="51.539811" lon="6.933228">
        <ele>44</ele>
      </trkpt>
      <trkpt lat="51.540001" lon="6.933282">
        <ele>44</ele>
      </trkpt>
      <trkpt lat="51.540219" lon="6.933337">
        <ele>44.25</ele>
      </trkpt>
      <trkpt lat="51.540696" lon="6.933458">
        <ele>44.5</ele>
      </trkpt>
      <trkpt lat="51.541049" lon="6.933547">
        <ele>45</ele>
      </trkpt>
      <trkpt lat="51.541191" lon="6.933586">
        <ele>45.25</ele>
      </trkpt>
      <trkpt lat="51.541572" lon="6.9337">
        <ele>45.75</ele>
      </trkpt>
      <trkpt lat="51.541664" lon="6.933735">
        <ele>45.75</ele>
      </trkpt>
      <trkpt lat="51.541732" lon="6.933762">
        <ele>46</ele>
      </trkpt>
      <trkpt lat="51.541845" lon="6.933812">
        <ele>46.25</ele>
      </trkpt>
      <trkpt lat="51.542143" lon="6.933985">
        <ele>47</ele>
      </trkpt>
      <trkpt lat="51.542234" lon="6.934056">
        <ele>47.25</ele>
      </trkpt>
      <trkpt lat="51.542706" lon="6.934439">
        <ele>48.25</ele>
      </trkpt>
      <trkpt lat="51.542819" lon="6.934531">
        <ele>48.5</ele>
      </trkpt>
      <trkpt lat="51.542896" lon="6.934599">
        <ele>48.5</ele>
      </trkpt>
      <trkpt lat="51.543195" lon="6.934866">
        <ele>49.5</ele>
      </trkpt>
      <trkpt lat="51.543368" lon="6.935007">
        <ele>49.75</ele>
      </trkpt>
      <trkpt lat="51.543538" lon="6.93515">
        <ele>49.5</ele>
      </trkpt>
      <trkpt lat="51.543907" lon="6.93546">
        <ele>49</ele>
      </trkpt>
      <trkpt lat="51.543991" lon="6.935532">
        <ele>49</ele>
      </trkpt>
      <trkpt lat="51.544027" lon="6.935564">
        <ele>49</ele>
      </trkpt>
      <trkpt lat="51.544525" lon="6.935994">
        <ele>47.75</ele>
      </trkpt>
      <trkpt lat="51.544852" lon="6.936254">
        <ele>47.25</ele>
      </trkpt>
      <trkpt lat="51.544946" lon="6.936321">
        <ele>47.25</ele>
      </trkpt>
      <trkpt lat="51.544974" lon="6.936338">
        <ele>47.25</ele>
      </trkpt>
      <trkpt lat="51.545009" lon="6.93636">
        <ele>47.25</ele>
      </trkpt>
      <trkpt lat="51.545172" lon="6.93646">
        <ele>47.5</ele>
      </trkpt>
      <trkpt lat="51.545498" lon="6.936608">
        <ele>47.75</ele>
      </trkpt>
      <trkpt lat="51.546171" lon="6.93683">
        <ele>48.5</ele>
      </trkpt>
      <trkpt lat="51.546564" lon="6.93694">
        <ele>49.25</ele>
      </trkpt>
      <trkpt lat="51.547063" lon="6.937087">
        <ele>48.5</ele>
      </trkpt>
      <trkpt lat="51.547102" lon="6.937098">
        <ele>48.25</ele>
      </trkpt>
      <trkpt lat="51.547244" lon="6.93714">
        <ele>48</ele>
      </trkpt>
      <trkpt lat="51.547339" lon="6.937167">
        <ele>47.75</ele>
      </trkpt>
      <trkpt lat="51.54738" lon="6.937178">
        <ele>47.5</ele>
      </trkpt>
      <trkpt lat="51.547688" lon="6.937263">
        <ele>47</ele>
      </trkpt>
      <trkpt lat="51.547738" lon="6.937278">
        <ele>47</ele>
      </trkpt>
      <trkpt lat="51.547855" lon="6.937321">
        <ele>47</ele>
      </trkpt>
      <trkpt lat="51.547889" lon="6.937333">
        <ele>47</ele>
      </trkpt>
      <trkpt lat="51.548113" lon="6.937415">
        <ele>47</ele>
      </trkpt>
      <trkpt lat="51.548389" lon="6.937572">
        <ele>46.75</ele>
      </trkpt>
      <trkpt lat="51.548597" lon="6.937742">
        <ele>46.5</ele>
      </trkpt>
      <trkpt lat="51.548821" lon="6.937976">
        <ele>46.25</ele>
      </trkpt>
      <trkpt lat="51.549966" lon="6.939123">
        <ele>43</ele>
      </trkpt>
      <trkpt lat="51.550149" lon="6.9393">
        <ele>42.25</ele>
      </trkpt>
      <trkpt lat="51.550819" lon="6.939944">
        <ele>40</ele>
      </trkpt>
      <trkpt lat="51.551098" lon="6.940217">
        <ele>40.5</ele>
      </trkpt>
      <trkpt lat="51.551206" lon="6.94033">
        <ele>40.5</ele>
      </trkpt>
      <trkpt lat="51.551331" lon="6.940469">
        <ele>40.75</ele>
      </trkpt>
      <trkpt lat="51.551611" lon="6.940754">
        <ele>41</ele>
      </trkpt>
      <trkpt lat="51.5517" lon="6.940853">
        <ele>40.75</ele>
      </trkpt>
      <trkpt lat="51.551874" lon="6.941038">
        <ele>40.75</ele>
      </trkpt>
      <trkpt lat="51.55243" lon="6.941614">
        <ele>40.75</ele>
      </trkpt>
      <trkpt lat="51.552468" lon="6.941653">
        <ele>40.75</ele>
      </trkpt>
      <trkpt lat="51.552699" lon="6.941896">
        <ele>41</ele>
      </trkpt>
      <trkpt lat="51.552847" lon="6.942103">
        <ele>41.25</ele>
      </trkpt>
      <trkpt lat="51.552983" lon="6.942256">
        <ele>41.5</ele>
      </trkpt>
      <trkpt lat="51.55311" lon="6.942383">
        <ele>41.5</ele>
      </trkpt>
      <trkpt lat="51.553151" lon="6.942423">
        <ele>41.75</ele>
      </trkpt>
      <trkpt lat="51.553282" lon="6.942566">
        <ele>41.75</ele>
      </trkpt>
      <trkpt lat="51.553413" lon="6.942702">
        <ele>42</ele>
      </trkpt>
      <trkpt lat="51.553686" lon="6.942963">
        <ele>42</ele>
      </trkpt>
      <trkpt lat="51.553968" lon="6.943171">
        <ele>42</ele>
      </trkpt>
      <trkpt lat="51.554256" lon="6.943447">
        <ele>41.75</ele>
      </trkpt>
      <trkpt lat="51.554908" lon="6.944109">
        <ele>41</ele>
      </trkpt>
      <trkpt lat="51.555082" lon="6.94428">
        <ele>41</ele>
      </trkpt>
      <trkpt lat="51.555196" lon="6.944388">
        <ele>41.5</ele>
      </trkpt>
      <trkpt lat="51.555264" lon="6.944452">
        <ele>41.75</ele>
      </trkpt>
      <trkpt lat="51.555844" lon="6.945034">
        <ele>44</ele>
      </trkpt>
      <trkpt lat="51.556553" lon="6.945744">
        <ele>47.5</ele>
      </trkpt>
      <trkpt lat="51.556637" lon="6.945827">
        <ele>47.75</ele>
      </trkpt>
      <trkpt lat="51.557026" lon="6.946273">
        <ele>47.25</ele>
      </trkpt>
      <trkpt lat="51.557327" lon="6.946655">
        <ele>48.25</ele>
      </trkpt>
      <trkpt lat="51.557639" lon="6.947109">
        <ele>49</ele>
      </trkpt>
      <trkpt lat="51.557862" lon="6.94742">
        <ele>49.25</ele>
      </trkpt>
      <trkpt lat="51.557995" lon="6.947604">
        <ele>49.5</ele>
      </trkpt>
      <trkpt lat="51.558035" lon="6.94766">
        <ele>49.5</ele>
      </trkpt>
      <trkpt lat="51.558099" lon="6.947748">
        <ele>49.5</ele>
      </trkpt>
      <trkpt lat="51.558165" lon="6.947836">
        <ele>49.5</ele>
      </trkpt>
      <trkpt lat="51.5584" lon="6.948147">
        <ele>50</ele>
      </trkpt>
      <trkpt lat="51.558786" lon="6.948691">
        <ele>50.5</ele>
      </trkpt>
      <trkpt lat="51.55901" lon="6.949054">
        <ele>50.75</ele>
      </trkpt>
      <trkpt lat="51.559122" lon="6.949232">
        <ele>50.75</ele>
      </trkpt>
      <trkpt lat="51.559489" lon="6.949819">
        <ele>49.5</ele>
      </trkpt>
      <trkpt lat="51.559661" lon="6.950124">
        <ele>49.25</ele>
      </trkpt>
      <trkpt lat="51.559785" lon="6.950403">
        <ele>49.5</ele>
      </trkpt>
      <trkpt lat="51.55996" lon="6.950857">
        <ele>50</ele>
      </trkpt>
      <trkpt lat="51.560043" lon="6.951112">
        <ele>50.25</ele>
      </trkpt>
      <trkpt lat="51.560187" lon="6.951676">
        <ele>50.25</ele>
      </trkpt>
      <trkpt lat="51.560394" lon="6.952473">
        <ele>48</ele>
      </trkpt>
      <trkpt lat="51.560461" lon="6.952757">
        <ele>47.5</ele>
      </trkpt>
      <trkpt lat="51.560584" lon="6.95323">
        <ele>47.25</ele>
      </trkpt>
      <trkpt lat="51.561049" lon="6.955005">
        <ele>47.25</ele>
      </trkpt>
      <trkpt lat="51.561085" lon="6.955138">
        <ele>47.5</ele>
      </trkpt>
      <trkpt lat="51.561238" lon="6.955674">
        <ele>48.5</ele>
      </trkpt>
      <trkpt lat="51.561452" lon="6.956371">
        <ele>50.5</ele>
      </trkpt>
      <trkpt lat="51.56159" lon="6.95672">
        <ele>51.75</ele>
      </trkpt>
      <trkpt lat="51.562149" lon="6.957853">
        <ele>50.75</ele>
      </trkpt>
      <trkpt lat="51.562684" lon="6.958928">
        <ele>50.25</ele>
      </trkpt>
      <trkpt lat="51.56273" lon="6.95902">
        <ele>50.5</ele>
      </trkpt>
      <trkpt lat="51.563229" lon="6.96002">
        <ele>52</ele>
      </trkpt>
      <trkpt lat="51.563934" lon="6.961443">
        <ele>51.25</ele>
      </trkpt>
      <trkpt lat="51.564993" lon="6.963578">
        <ele>50.5</ele>
      </trkpt>
      <trkpt lat="51.565027" lon="6.963647">
        <ele>50.5</ele>
      </trkpt>
      <trkpt lat="51.565211" lon="6.96403">
        <ele>50.5</ele>
      </trkpt>
      <trkpt lat="51.565325" lon="6.964273">
        <ele>50.5</ele>
      </trkpt>
      <trkpt lat="51.565411" lon="6.964457">
        <ele>50.5</ele>
      </trkpt>
      <trkpt lat="51.565508" lon="6.964678">
        <ele>50.25</ele>
      </trkpt>
      <trkpt lat="51.565606" lon="6.964905">
        <ele>50</ele>
      </trkpt>
      <trkpt lat="51.565973" lon="6.965785">
        <ele>49.75</ele>
      </trkpt>
      <trkpt lat="51.566269" lon="6.966493">
        <ele>49.75</ele>
      </trkpt>
      <trkpt lat="51.566686" lon="6.967514">
        <ele>49</ele>
      </trkpt>
      <trkpt lat="51.566824" lon="6.967906">
        <ele>49.5</ele>
      </trkpt>
      <trkpt lat="51.567205" lon="6.968822">
        <ele>50</ele>
      </trkpt>
      <trkpt lat="51.567412" lon="6.969337">
        <ele>50.5</ele>
      </trkpt>
      <trkpt lat="51.567461" lon="6.969586">
        <ele>51</ele>
      </trkpt>
      <trkpt lat="51.567476" lon="6.96969">
        <ele>51.25</ele>
      </trkpt>
      <trkpt lat="51.567484" lon="6.969899">
        <ele>51.75</ele>
      </trkpt>
      <trkpt lat="51.56748" lon="6.970206">
        <ele>52</ele>
      </trkpt>
      <trkpt lat="51.567432" lon="6.970992">
        <ele>52.25</ele>
      </trkpt>
      <trkpt lat="51.567433" lon="6.97134">
        <ele>52.75</ele>
      </trkpt>
      <trkpt lat="51.567467" lon="6.971522">
        <ele>52.75</ele>
      </trkpt>
      <trkpt lat="51.56753" lon="6.971678">
        <ele>53</ele>
      </trkpt>
      <trkpt lat="51.567593" lon="6.971756">
        <ele>53.5</ele>
      </trkpt>
      <trkpt lat="51.567999" lon="6.972163">
        <ele>55.25</ele>
      </trkpt>
      <trkpt lat="51.568582" lon="6.972749">
        <ele>55.5</ele>
      </trkpt>
      <trkpt lat="51.568853" lon="6.97302">
        <ele>55.75</ele>
      </trkpt>
      <trkpt lat="51.568971" lon="6.973133">
        <ele>56</ele>
      </trkpt>
      <trkpt lat="51.569075" lon="6.973214">
        <ele>56.5</ele>
      </trkpt>
      <trkpt lat="51.569175" lon="6.973268">
        <ele>56.75</ele>
      </trkpt>
      <trkpt lat="51.569385" lon="6.973287">
        <ele>56.25</ele>
      </trkpt>
      <trkpt lat="51.569557" lon="6.973255">
        <ele>56</ele>
      </trkpt>
      <trkpt lat="51.569678" lon="6.97316">
        <ele>55.75</ele>
      </trkpt>
      <trkpt lat="51.569775" lon="6.973057">
        <ele>55.5</ele>
      </trkpt>
      <trkpt lat="51.569843" lon="6.973009">
        <ele>55.25</ele>
      </trkpt>
      <trkpt lat="51.569972" lon="6.972938">
        <ele>55</ele>
      </trkpt>
      <trkpt lat="51.570126" lon="6.972896">
        <ele>55</ele>
      </trkpt>
      <trkpt lat="51.570224" lon="6.972889">
        <ele>55</ele>
      </trkpt>
      <trkpt lat="51.570326" lon="6.972938">
        <ele>55</ele>
      </trkpt>
      <trkpt lat="51.570462" lon="6.973038">
        <ele>55.25</ele>
      </trkpt>
      <trkpt lat="51.570829" lon="6.973397">
        <ele>56</ele>
      </trkpt>
      <trkpt lat="51.570917" lon="6.973492">
        <ele>56</ele>
      </trkpt>
      <trkpt lat="51.571116" lon="6.973709">
        <ele>56</ele>
      </trkpt>
      <trkpt lat="51.571545" lon="6.974212">
        <ele>56</ele>
      </trkpt>
      <trkpt lat="51.571929" lon="6.974662">
        <ele>56.25</ele>
      </trkpt>
      <trkpt lat="51.572078" lon="6.974856">
        <ele>56.25</ele>
      </trkpt>
      <trkpt lat="51.572244" lon="6.97507">
        <ele>56.25</ele>
      </trkpt>
      <trkpt lat="51.572292" lon="6.975152">
        <ele>56.25</ele>
      </trkpt>
      <trkpt lat="51.572337" lon="6.975249">
        <ele>56.25</ele>
      </trkpt>
      <trkpt lat="51.57264" lon="6.976133">
        <ele>57.5</ele>
      </trkpt>
      <trkpt lat="51.572679" lon="6.976245">
        <ele>57.75</ele>
      </trkpt>
      <trkpt lat="51.572806" lon="6.976538">
        <ele>58.25</ele>
      </trkpt>
      <trkpt lat="51.572869" lon="6.976651">
        <ele>58.5</ele>
      </trkpt>
      <trkpt lat="51.572946" lon="6.97679">
        <ele>58.5</ele>
      </trkpt>
      <trkpt lat="51.573088" lon="6.977009">
        <ele>58.5</ele>
      </trkpt>
      <trkpt lat="51.573332" lon="6.977339">
        <ele>58.75</ele>
      </trkpt>
      <trkpt lat="51.573479" lon="6.977538">
        <ele>59</ele>
      </trkpt>
      <trkpt lat="51.573567" lon="6.977664">
        <ele>59.25</ele>
      </trkpt>
      <trkpt lat="51.573778" lon="6.977909">
        <ele>59.5</ele>
      </trkpt>
      <trkpt lat="51.573882" lon="6.978021">
        <ele>59.75</ele>
      </trkpt>
      <trkpt lat="51.574026" lon="6.978191">
        <ele>59.75</ele>
      </trkpt>
      <trkpt lat="51.57416" lon="6.978351">
        <ele>60</ele>
      </trkpt>
      <trkpt lat="51.574321" lon="6.978516">
        <ele>60.25</ele>
      </trkpt>
      <trkpt lat="51.574447" lon="6.978643">
        <ele>60.5</ele>
      </trkpt>
      <trkpt lat="51.574495" lon="6.978506">
        <ele>60.75</ele>
      </trkpt>
      <trkpt lat="51.574522" lon="6.978432">
        <ele>60.75</ele>
      </trkpt>
      <trkpt lat="51.574801" lon="6.977698">
        <ele>60.75</ele>
      </trkpt>
      <trkpt lat="51.574925" lon="6.977801">
        <ele>61</ele>
      </trkpt>
      <trkpt lat="51.574968" lon="6.977836">
        <ele>61</ele>
      </trkpt>
      <trkpt lat="51.575341" lon="6.978138">
        <ele>61.5</ele>
      </trkpt>
      <trkpt lat="51.575391" lon="6.978141">
        <ele>61.5</ele>
      </trkpt>
      <trkpt lat="51.575449" lon="6.978083">
        <ele>61.5</ele>
      </trkpt>
      <trkpt lat="51.575514" lon="6.977827">
        <ele>61</ele>
      </trkpt>
      <trkpt lat="51.575491" lon="6.977704">
        <ele>60.75</ele>
      </trkpt>
      <trkpt lat="51.575249" lon="6.977488">
        <ele>60.5</ele>
      </trkpt>
      <trkpt lat="51.575018" lon="6.977294">
        <ele>60.5</ele>
      </trkpt>
      <trkpt lat="51.575011" lon="6.977288">
        <ele>60.5</ele>
      </trkpt>
      <trkpt lat="51.574924" lon="6.977371">
        <ele>60.5</ele>
      </trkpt>
      <trkpt lat="51.574801" lon="6.977698">
        <ele>60.75</ele>
      </trkpt>
      <trkpt lat="51.574522" lon="6.978432">
        <ele>60.75</ele>
      </trkpt>
      <trkpt lat="51.574495" lon="6.978506">
        <ele>60.75</ele>
      </trkpt>
      <trkpt lat="51.574447" lon="6.978643">
        <ele>60.5</ele>
      </trkpt>
      <trkpt lat="51.574596" lon="6.978789">
        <ele>61</ele>
      </trkpt>
      <trkpt lat="51.574827" lon="6.978985">
        <ele>61.5</ele>
      </trkpt>
      <trkpt lat="51.575141" lon="6.979328">
        <ele>61.75</ele>
      </trkpt>
      <trkpt lat="51.575299" lon="6.979518">
        <ele>61.5</ele>
      </trkpt>
      <trkpt lat="51.575374" lon="6.979607">
        <ele>61.5</ele>
      </trkpt>
      <trkpt lat="51.575427" lon="6.97967">
        <ele>61.5</ele>
      </trkpt>
      <trkpt lat="51.575549" lon="6.979804">
        <ele>61.5</ele>
      </trkpt>
      <trkpt lat="51.575626" lon="6.979908">
        <ele>61.75</ele>
      </trkpt>
      <trkpt lat="51.575747" lon="6.980072">
        <ele>61.75</ele>
      </trkpt>
      <trkpt lat="51.576219" lon="6.980831">
        <ele>60</ele>
      </trkpt>
      <trkpt lat="51.576844" lon="6.981928">
        <ele>59.5</ele>
      </trkpt>
      <trkpt lat="51.577109" lon="6.982467">
        <ele>59.75</ele>
      </trkpt>
      <trkpt lat="51.5772" lon="6.982671">
        <ele>60.25</ele>
      </trkpt>
      <trkpt lat="51.577271" lon="6.982825">
        <ele>60.5</ele>
      </trkpt>
      <trkpt lat="51.577569" lon="6.983436">
        <ele>62</ele>
      </trkpt>
      <trkpt lat="51.577833" lon="6.983944">
        <ele>62.5</ele>
      </trkpt>
      <trkpt lat="51.578385" lon="6.985026">
        <ele>63.75</ele>
      </trkpt>
      <trkpt lat="51.579047" lon="6.986354">
        <ele>63.75</ele>
      </trkpt>
      <trkpt lat="51.57926" lon="6.986786">
        <ele>63.5</ele>
      </trkpt>
      <trkpt lat="51.579354" lon="6.986977">
        <ele>63.5</ele>
      </trkpt>
      <trkpt lat="51.579442" lon="6.987173">
        <ele>63.5</ele>
      </trkpt>
      <trkpt lat="51.579519" lon="6.987359">
        <ele>63.5</ele>
      </trkpt>
      <trkpt lat="51.579633" lon="6.987655">
        <ele>63.5</ele>
      </trkpt>
      <trkpt lat="51.579779" lon="6.988034">
        <ele>64.25</ele>
      </trkpt>
      <trkpt lat="51.579887" lon="6.988347">
        <ele>65</ele>
      </trkpt>
      <trkpt lat="51.580102" lon="6.988946">
        <ele>65</ele>
      </trkpt>
      <trkpt lat="51.580109" lon="6.988967">
        <ele>65</ele>
      </trkpt>
      <trkpt lat="51.580273" lon="6.989441">
        <ele>65.5</ele>
      </trkpt>
      <trkpt lat="51.580349" lon="6.989646">
        <ele>65.75</ele>
      </trkpt>
      <trkpt lat="51.580427" lon="6.989873">
        <ele>66.25</ele>
      </trkpt>
      <trkpt lat="51.580664" lon="6.990542">
        <ele>67.25</ele>
      </trkpt>
      <trkpt lat="51.580753" lon="6.990797">
        <ele>67.75</ele>
      </trkpt>
      <trkpt lat="51.580755" lon="6.990802">
        <ele>67.75</ele>
      </trkpt>
      <trkpt lat="51.580816" lon="6.99097">
        <ele>68</ele>
      </trkpt>
      <trkpt lat="51.580838" lon="6.991034">
        <ele>68</ele>
      </trkpt>
      <trkpt lat="51.580857" lon="6.991085">
        <ele>68</ele>
      </trkpt>
      <trkpt lat="51.581003" lon="6.990957">
        <ele>67.5</ele>
      </trkpt>
      <trkpt lat="51.581575" lon="6.990406">
        <ele>66</ele>
      </trkpt>
      <trkpt lat="51.581745" lon="6.990212">
        <ele>65.5</ele>
      </trkpt>
      <trkpt lat="51.581875" lon="6.989988">
        <ele>65</ele>
      </trkpt>
      <trkpt lat="51.582006" lon="6.989677">
        <ele>64.5</ele>
      </trkpt>
      <trkpt lat="51.582056" lon="6.989472">
        <ele>64.25</ele>
      </trkpt>
      <trkpt lat="51.582092" lon="6.989179">
        <ele>63.75</ele>
      </trkpt>
      <trkpt lat="51.582097" lon="6.988953">
        <ele>63.75</ele>
      </trkpt>
      <trkpt lat="51.58208" lon="6.988667">
        <ele>64</ele>
      </trkpt>
      <trkpt lat="51.582056" lon="6.98846">
        <ele>64</ele>
      </trkpt>
      <trkpt lat="51.582192" lon="6.988392">
        <ele>63.25</ele>
      </trkpt>
      <trkpt lat="51.582335" lon="6.988323">
        <ele>62.5</ele>
      </trkpt>
      <trkpt lat="51.582335" lon="6.988323">
        <ele>62.5</ele>
      </trkpt>
      <trkpt lat="51.582537" lon="6.988226">
        <ele>61.75</ele>
      </trkpt>
      <trkpt lat="51.583242" lon="6.987888">
        <ele>62.25</ele>
      </trkpt>
      <trkpt lat="51.583393" lon="6.987818">
        <ele>62.5</ele>
      </trkpt>
      <trkpt lat="51.586496" lon="6.986379">
        <ele>68</ele>
      </trkpt>
      <trkpt lat="51.5866" lon="6.986333">
        <ele>68</ele>
      </trkpt>
      <trkpt lat="51.586705" lon="6.986285">
        <ele>68.25</ele>
      </trkpt>
      <trkpt lat="51.587796" lon="6.985788">
        <ele>71.25</ele>
      </trkpt>
      <trkpt lat="51.588115" lon="6.985654">
        <ele>71.25</ele>
      </trkpt>
      <trkpt lat="51.588302" lon="6.985575">
        <ele>71.25</ele>
      </trkpt>
      <trkpt lat="51.588424" lon="6.985524">
        <ele>71.25</ele>
      </trkpt>
      <trkpt lat="51.58868" lon="6.985411">
        <ele>71.75</ele>
      </trkpt>
      <trkpt lat="51.588715" lon="6.985396">
        <ele>71.75</ele>
      </trkpt>
      <trkpt lat="51.588801" lon="6.985361">
        <ele>72</ele>
      </trkpt>
      <trkpt lat="51.589138" lon="6.985202">
        <ele>72.75</ele>
      </trkpt>
      <trkpt lat="51.589429" lon="6.985067">
        <ele>73.75</ele>
      </trkpt>
      <trkpt lat="51.589607" lon="6.98501">
        <ele>74.5</ele>
      </trkpt>
      <trkpt lat="51.589741" lon="6.984978">
        <ele>74.75</ele>
      </trkpt>
      <trkpt lat="51.589965" lon="6.984972">
        <ele>75.75</ele>
      </trkpt>
      <trkpt lat="51.590077" lon="6.984984">
        <ele>75.75</ele>
      </trkpt>
      <trkpt lat="51.590129" lon="6.984986">
        <ele>75.75</ele>
      </trkpt>
      <trkpt lat="51.590253" lon="6.984992">
        <ele>75.5</ele>
      </trkpt>
      <trkpt lat="51.590611" lon="6.985002">
        <ele>75.25</ele>
      </trkpt>
      <trkpt lat="51.59071" lon="6.985009">
        <ele>75</ele>
      </trkpt>
      <trkpt lat="51.590781" lon="6.985013">
        <ele>75</ele>
      </trkpt>
      <trkpt lat="51.590785" lon="6.985072">
        <ele>75</ele>
      </trkpt>
      <trkpt lat="51.590801" lon="6.985126">
        <ele>75</ele>
      </trkpt>
      <trkpt lat="51.590827" lon="6.985169">
        <ele>75</ele>
      </trkpt>
      <trkpt lat="51.59086" lon="6.985197">
        <ele>74.75</ele>
      </trkpt>
      <trkpt lat="51.59089" lon="6.985207">
        <ele>74.75</ele>
      </trkpt>
      <trkpt lat="51.59092" lon="6.985204">
        <ele>74.75</ele>
      </trkpt>
      <trkpt lat="51.590956" lon="6.985182">
        <ele>74.5</ele>
      </trkpt>
      <trkpt lat="51.590986" lon="6.985143">
        <ele>74.5</ele>
      </trkpt>
      <trkpt lat="51.591005" lon="6.985094">
        <ele>74.5</ele>
      </trkpt>
      <trkpt lat="51.591015" lon="6.985015">
        <ele>74.5</ele>
      </trkpt>
      <trkpt lat="51.59101" lon="6.984966">
        <ele>74.5</ele>
      </trkpt>
      <trkpt lat="51.590998" lon="6.98492">
        <ele>74.5</ele>
      </trkpt>
      <trkpt lat="51.590979" lon="6.984882">
        <ele>74.5</ele>
      </trkpt>
      <trkpt lat="51.590954" lon="6.984853">
        <ele>74.5</ele>
      </trkpt>
      <trkpt lat="51.590919" lon="6.984833">
        <ele>74.75</ele>
      </trkpt>
      <trkpt lat="51.590882" lon="6.984832">
        <ele>74.75</ele>
      </trkpt>
      <trkpt lat="51.590862" lon="6.984716">
        <ele>74.75</ele>
      </trkpt>
      <trkpt lat="51.590833" lon="6.984537">
        <ele>74.75</ele>
      </trkpt>
      <trkpt lat="51.590817" lon="6.984444">
        <ele>74.75</ele>
      </trkpt>
      <trkpt lat="51.590749" lon="6.984033">
        <ele>74.75</ele>
      </trkpt>
      <trkpt lat="51.590738" lon="6.983963">
        <ele>74.5</ele>
      </trkpt>
      <trkpt lat="51.590732" lon="6.983931">
        <ele>74.5</ele>
      </trkpt>
      <trkpt lat="51.590721" lon="6.983851">
        <ele>74.5</ele>
      </trkpt>
      <trkpt lat="51.590683" lon="6.983401">
        <ele>74.25</ele>
      </trkpt>
      <trkpt lat="51.590662" lon="6.982971">
        <ele>74.5</ele>
      </trkpt>
      <trkpt lat="51.59066" lon="6.982816">
        <ele>74.75</ele>
      </trkpt>
      <trkpt lat="51.590641" lon="6.982612">
        <ele>74.75</ele>
      </trkpt>
      <trkpt lat="51.590532" lon="6.980808">
        <ele>74.25</ele>
      </trkpt>
      <trkpt lat="51.590468" lon="6.979886">
        <ele>73.75</ele>
      </trkpt>
      <trkpt lat="51.590447" lon="6.979576">
        <ele>73.5</ele>
      </trkpt>
      <trkpt lat="51.590413" lon="6.979075">
        <ele>72.75</ele>
      </trkpt>
      <trkpt lat="51.590407" lon="6.97897">
        <ele>72.75</ele>
      </trkpt>
      <trkpt lat="51.590378" lon="6.978835">
        <ele>72.75</ele>
      </trkpt>
      <trkpt lat="51.590336" lon="6.978779">
        <ele>72.75</ele>
      </trkpt>
      <trkpt lat="51.59005" lon="6.978682">
        <ele>72.75</ele>
      </trkpt>
      <trkpt lat="51.589855" lon="6.978602">
        <ele>72.25</ele>
      </trkpt>
      <trkpt lat="51.589582" lon="6.978455">
        <ele>71.25</ele>
      </trkpt>
      <trkpt lat="51.589384" lon="6.978323">
        <ele>70.75</ele>
      </trkpt>
      <trkpt lat="51.589184" lon="6.978172">
        <ele>70.25</ele>
      </trkpt>
      <trkpt lat="51.589045" lon="6.97801">
        <ele>70.5</ele>
      </trkpt>
      <trkpt lat="51.588872" lon="6.977748">
        <ele>71</ele>
      </trkpt>
      <trkpt lat="51.588737" lon="6.977488">
        <ele>71.25</ele>
      </trkpt>
      <trkpt lat="51.588696" lon="6.977381">
        <ele>71.5</ele>
      </trkpt>
      <trkpt lat="51.588614" lon="6.977106">
        <ele>71.75</ele>
      </trkpt>
      <trkpt lat="51.588579" lon="6.976987">
        <ele>71.75</ele>
      </trkpt>
      <trkpt lat="51.588561" lon="6.976947">
        <ele>71.75</ele>
      </trkpt>
      <trkpt lat="51.588761" lon="6.976899">
        <ele>72</ele>
      </trkpt>
      <trkpt lat="51.588903" lon="6.976847">
        <ele>72.25</ele>
      </trkpt>
      <trkpt lat="51.589014" lon="6.976801">
        <ele>72.5</ele>
      </trkpt>
      <trkpt lat="51.589714" lon="6.976351">
        <ele>78.5</ele>
      </trkpt>
      <trkpt lat="51.589714" lon="6.976351">
        <ele>75.75</ele>
      </trkpt>
      <trkpt lat="51.590237" lon="6.976016">
        <ele>78.5</ele>
      </trkpt>
      <trkpt lat="51.590673" lon="6.975718">
        <ele>79.25</ele>
      </trkpt>
      <trkpt lat="51.591897" lon="6.974791">
        <ele>74.5</ele>
      </trkpt>
      <trkpt lat="51.591993" lon="6.974715">
        <ele>73.75</ele>
      </trkpt>
      <trkpt lat="51.59291" lon="6.974103">
        <ele>71</ele>
      </trkpt>
      <trkpt lat="51.593049" lon="6.974043">
        <ele>71</ele>
      </trkpt>
      <trkpt lat="51.593181" lon="6.973934">
        <ele>71</ele>
      </trkpt>
      <trkpt lat="51.594021" lon="6.973384">
        <ele>69.5</ele>
      </trkpt>
      <trkpt lat="51.594131" lon="6.973359">
        <ele>69</ele>
      </trkpt>
      <trkpt lat="51.594282" lon="6.973235">
        <ele>68.25</ele>
      </trkpt>
      <trkpt lat="51.594881" lon="6.972846">
        <ele>64.75</ele>
      </trkpt>
      <trkpt lat="51.595123" lon="6.972691">
        <ele>64</ele>
      </trkpt>
      <trkpt lat="51.595215" lon="6.972626">
        <ele>64</ele>
      </trkpt>
      <trkpt lat="51.59525" lon="6.972654">
        <ele>64</ele>
      </trkpt>
      <trkpt lat="51.595286" lon="6.972655">
        <ele>64</ele>
      </trkpt>
      <trkpt lat="51.595325" lon="6.972623">
        <ele>64</ele>
      </trkpt>
      <trkpt lat="51.595349" lon="6.972566">
        <ele>64</ele>
      </trkpt>
      <trkpt lat="51.595351" lon="6.972491">
        <ele>63.75</ele>
      </trkpt>
      <trkpt lat="51.595491" lon="6.972466">
        <ele>63.75</ele>
      </trkpt>
      <trkpt lat="51.595662" lon="6.972355">
        <ele>63.75</ele>
      </trkpt>
      <trkpt lat="51.596683" lon="6.971692">
        <ele>64</ele>
      </trkpt>
      <trkpt lat="51.59733" lon="6.971172">
        <ele>64.5</ele>
      </trkpt>
      <trkpt lat="51.597841" lon="6.970798">
        <ele>65</ele>
      </trkpt>
      <trkpt lat="51.598089" lon="6.970633">
        <ele>65</ele>
      </trkpt>
      <trkpt lat="51.598144" lon="6.970602">
        <ele>64.25</ele>
      </trkpt>
      <trkpt lat="51.598144" lon="6.970602">
        <ele>64.75</ele>
      </trkpt>
      <trkpt lat="51.598511" lon="6.9704">
        <ele>64.25</ele>
      </trkpt>
      <trkpt lat="51.598525" lon="6.970283">
        <ele>64.25</ele>
      </trkpt>
      <trkpt lat="51.598732" lon="6.968379">
        <ele>64</ele>
      </trkpt>
      <trkpt lat="51.59877" lon="6.968044">
        <ele>63.75</ele>
      </trkpt>
      <trkpt lat="51.598819" lon="6.967537">
        <ele>63.75</ele>
      </trkpt>
      <trkpt lat="51.598819" lon="6.967428">
        <ele>64</ele>
      </trkpt>
      <trkpt lat="51.598809" lon="6.967316">
        <ele>64</ele>
      </trkpt>
      <trkpt lat="51.598767" lon="6.967091">
        <ele>64.25</ele>
      </trkpt>
      <trkpt lat="51.598637" lon="6.966666">
        <ele>64.25</ele>
      </trkpt>
      <trkpt lat="51.598619" lon="6.966511">
        <ele>63.75</ele>
      </trkpt>
      <trkpt lat="51.59862" lon="6.966393">
        <ele>63.5</ele>
      </trkpt>
      <trkpt lat="51.598666" lon="6.966248">
        <ele>63.25</ele>
      </trkpt>
      <trkpt lat="51.598699" lon="6.966187">
        <ele>63.25</ele>
      </trkpt>
      <trkpt lat="51.598925" lon="6.965839">
        <ele>62.5</ele>
      </trkpt>
      <trkpt lat="51.598998" lon="6.965676">
        <ele>62.25</ele>
      </trkpt>
      <trkpt lat="51.599047" lon="6.965538">
        <ele>62</ele>
      </trkpt>
      <trkpt lat="51.599099" lon="6.965297">
        <ele>61.5</ele>
      </trkpt>
      <trkpt lat="51.59913" lon="6.965073">
        <ele>61</ele>
      </trkpt>
      <trkpt lat="51.599316" lon="6.963459">
        <ele>58.75</ele>
      </trkpt>
      <trkpt lat="51.599329" lon="6.963323">
        <ele>58.75</ele>
      </trkpt>
      <trkpt lat="51.599348" lon="6.963181">
        <ele>58.75</ele>
      </trkpt>
      <trkpt lat="51.599932" lon="6.962873">
        <ele>58</ele>
      </trkpt>
      <trkpt lat="51.601469" lon="6.962046">
        <ele>67</ele>
      </trkpt>
      <trkpt lat="51.601889" lon="6.961821">
        <ele>69.75</ele>
      </trkpt>
      <trkpt lat="51.603729" lon="6.960837">
        <ele>75.25</ele>
      </trkpt>
      <trkpt lat="51.604088" lon="6.960642">
        <ele>76.25</ele>
      </trkpt>
      <trkpt lat="51.604604" lon="6.960392">
        <ele>76</ele>
      </trkpt>
      <trkpt lat="51.605008" lon="6.960239">
        <ele>75.25</ele>
      </trkpt>
      <trkpt lat="51.605114" lon="6.9602">
        <ele>74</ele>
      </trkpt>
      <trkpt lat="51.605514" lon="6.960138">
        <ele>69</ele>
      </trkpt>
      <trkpt lat="51.605571" lon="6.960131">
        <ele>68.25</ele>
      </trkpt>
      <trkpt lat="51.60567" lon="6.960123">
        <ele>67.25</ele>
      </trkpt>
      <trkpt lat="51.605968" lon="6.960108">
        <ele>64.75</ele>
      </trkpt>
      <trkpt lat="51.606147" lon="6.960105">
        <ele>64.25</ele>
      </trkpt>
      <trkpt lat="51.606933" lon="6.960084">
        <ele>62.25</ele>
      </trkpt>
      <trkpt lat="51.607211" lon="6.960078">
        <ele>61.5</ele>
      </trkpt>
      <trkpt lat="51.60749" lon="6.960072">
        <ele>61</ele>
      </trkpt>
      <trkpt lat="51.60791" lon="6.959994">
        <ele>60.5</ele>
      </trkpt>
      <trkpt lat="51.607931" lon="6.95999">
        <ele>60.25</ele>
      </trkpt>
      <trkpt lat="51.608358" lon="6.959823">
        <ele>60</ele>
      </trkpt>
      <trkpt lat="51.608547" lon="6.959739">
        <ele>59.5</ele>
      </trkpt>
      <trkpt lat="51.608932" lon="6.959557">
        <ele>58.25</ele>
      </trkpt>
      <trkpt lat="51.609072" lon="6.959484">
        <ele>57.75</ele>
      </trkpt>
      <trkpt lat="51.609427" lon="6.959266">
        <ele>57.75</ele>
      </trkpt>
      <trkpt lat="51.609972" lon="6.958861">
        <ele>58</ele>
      </trkpt>
      <trkpt lat="51.610165" lon="6.958692">
        <ele>57.75</ele>
      </trkpt>
      <trkpt lat="51.61028" lon="6.95859">
        <ele>57.75</ele>
      </trkpt>
      <trkpt lat="51.610492" lon="6.958398">
        <ele>57.25</ele>
      </trkpt>
      <trkpt lat="51.610766" lon="6.958151">
        <ele>56.75</ele>
      </trkpt>
      <trkpt lat="51.61093" lon="6.958005">
        <ele>56.25</ele>
      </trkpt>
      <trkpt lat="51.611047" lon="6.958715">
        <ele>56.5</ele>
      </trkpt>
      <trkpt lat="51.61122" lon="6.959789">
        <ele>57.75</ele>
      </trkpt>
      <trkpt lat="51.611705" lon="6.962701">
        <ele>58.75</ele>
      </trkpt>
      <trkpt lat="51.611768" lon="6.962873">
        <ele>58.5</ele>
      </trkpt>
      <trkpt lat="51.611838" lon="6.963028">
        <ele>58.25</ele>
      </trkpt>
      <trkpt lat="51.611931" lon="6.963162">
        <ele>58</ele>
      </trkpt>
      <trkpt lat="51.612019" lon="6.963266">
        <ele>58</ele>
      </trkpt>
      <trkpt lat="51.612206" lon="6.963391">
        <ele>57.75</ele>
      </trkpt>
      <trkpt lat="51.612329" lon="6.96342">
        <ele>57.25</ele>
      </trkpt>
      <trkpt lat="51.612575" lon="6.963434">
        <ele>56.75</ele>
      </trkpt>
      <trkpt lat="51.612703" lon="6.963477">
        <ele>56.5</ele>
      </trkpt>
      <trkpt lat="51.612804" lon="6.963549">
        <ele>56.5</ele>
      </trkpt>
      <trkpt lat="51.612946" lon="6.963693">
        <ele>56.25</ele>
      </trkpt>
      <trkpt lat="51.612992" lon="6.963758">
        <ele>56.25</ele>
      </trkpt>
      <trkpt lat="51.613069" lon="6.963913">
        <ele>56.25</ele>
      </trkpt>
      <trkpt lat="51.613107" lon="6.964006">
        <ele>56.25</ele>
      </trkpt>
      <trkpt lat="51.613139" lon="6.964106">
        <ele>56.25</ele>
      </trkpt>
      <trkpt lat="51.613267" lon="6.964613">
        <ele>55.75</ele>
      </trkpt>
      <trkpt lat="51.613267" lon="6.964611">
        <ele>55.75</ele>
      </trkpt>
      <trkpt lat="51.613686" lon="6.966263">
        <ele>55</ele>
      </trkpt>
      <trkpt lat="51.613814" lon="6.966688">
        <ele>54.25</ele>
      </trkpt>
      <trkpt lat="51.613965" lon="6.967071">
        <ele>54.25</ele>
      </trkpt>
      <trkpt lat="51.614096" lon="6.967349">
        <ele>54</ele>
      </trkpt>
      <trkpt lat="51.614058" lon="6.967379">
        <ele>54.25</ele>
      </trkpt>
      <trkpt lat="51.613709" lon="6.967656">
        <ele>55.75</ele>
      </trkpt>
      <trkpt lat="51.613576" lon="6.967762">
        <ele>56.5</ele>
      </trkpt>
      <trkpt lat="51.613415" lon="6.96789">
        <ele>57.5</ele>
      </trkpt>
      <trkpt lat="51.613586" lon="6.968192">
        <ele>57.25</ele>
      </trkpt>
      <trkpt lat="51.613589" lon="6.968196">
        <ele>57.25</ele>
      </trkpt>
      <trkpt lat="51.613708" lon="6.968389">
        <ele>57</ele>
      </trkpt>
      <trkpt lat="51.614181" lon="6.968987">
        <ele>54.75</ele>
      </trkpt>
      <trkpt lat="51.614763" lon="6.969716">
        <ele>53.5</ele>
      </trkpt>
      <trkpt lat="51.61487" lon="6.969847">
        <ele>53</ele>
      </trkpt>
      <trkpt lat="51.614972" lon="6.96997">
        <ele>53</ele>
      </trkpt>
      <trkpt lat="51.615151" lon="6.970209">
        <ele>52.5</ele>
      </trkpt>
      <trkpt lat="51.615383" lon="6.970476">
        <ele>52.25</ele>
      </trkpt>
      <trkpt lat="51.61547" lon="6.97034">
        <ele>52</ele>
      </trkpt>
      <trkpt lat="51.615583" lon="6.970171">
        <ele>51.5</ele>
      </trkpt>
      <trkpt lat="51.615777" lon="6.969881">
        <ele>51.25</ele>
      </trkpt>
      <trkpt lat="51.615853" lon="6.969769">
        <ele>51.25</ele>
      </trkpt>
      <trkpt lat="51.615888" lon="6.969718">
        <ele>51.25</ele>
      </trkpt>
      <trkpt lat="51.615149" lon="6.968789">
        <ele>51.5</ele>
      </trkpt>
      <trkpt lat="51.614428" lon="6.967884">
        <ele>53.5</ele>
      </trkpt>
      <trkpt lat="51.614321" lon="6.967734">
        <ele>53.75</ele>
      </trkpt>
      <trkpt lat="51.614217" lon="6.967565">
        <ele>53.75</ele>
      </trkpt>
      <trkpt lat="51.614096" lon="6.967349">
        <ele>54</ele>
      </trkpt>
      <trkpt lat="51.615385" lon="6.966317">
        <ele>51.75</ele>
      </trkpt>
      <trkpt lat="51.615542" lon="6.966192">
        <ele>51.5</ele>
      </trkpt>
      <trkpt lat="51.615742" lon="6.966032">
        <ele>51.25</ele>
      </trkpt>
      <trkpt lat="51.617747" lon="6.964453">
        <ele>47.75</ele>
      </trkpt>
      <trkpt lat="51.617956" lon="6.964254">
        <ele>47</ele>
      </trkpt>
      <trkpt lat="51.618164" lon="6.963988">
        <ele>46.25</ele>
      </trkpt>
      <trkpt lat="51.618281" lon="6.963761">
        <ele>46</ele>
      </trkpt>
      <trkpt lat="51.618725" lon="6.962753">
        <ele>47</ele>
      </trkpt>
      <trkpt lat="51.619068" lon="6.961955">
        <ele>47</ele>
      </trkpt>
      <trkpt lat="51.619399" lon="6.961126">
        <ele>48</ele>
      </trkpt>
      <trkpt lat="51.619504" lon="6.960839">
        <ele>48.75</ele>
      </trkpt>
      <trkpt lat="51.619572" lon="6.960652">
        <ele>49</ele>
      </trkpt>
      <trkpt lat="51.619974" lon="6.959435">
        <ele>48.25</ele>
      </trkpt>
      <trkpt lat="51.620359" lon="6.958316">
        <ele>45.25</ele>
      </trkpt>
      <trkpt lat="51.620814" lon="6.956993">
        <ele>43</ele>
      </trkpt>
      <trkpt lat="51.62088" lon="6.956726">
        <ele>43</ele>
      </trkpt>
      <trkpt lat="51.62091" lon="6.956389">
        <ele>43.25</ele>
      </trkpt>
      <trkpt lat="51.620946" lon="6.954021">
        <ele>44.5</ele>
      </trkpt>
      <trkpt lat="51.622253" lon="6.95451">
        <ele>42.5</ele>
      </trkpt>
      <trkpt lat="51.623131" lon="6.954853">
        <ele>40.25</ele>
      </trkpt>
      <trkpt lat="51.6233" lon="6.95492">
        <ele>40</ele>
      </trkpt>
      <trkpt lat="51.624129" lon="6.955231">
        <ele>39.25</ele>
      </trkpt>
      <trkpt lat="51.6244" lon="6.955319">
        <ele>39.25</ele>
      </trkpt>
      <trkpt lat="51.628836" lon="6.956974">
        <ele>39.5</ele>
      </trkpt>
      <trkpt lat="51.628925" lon="6.957007">
        <ele>39.5</ele>
      </trkpt>
      <trkpt lat="51.629002" lon="6.957037">
        <ele>39.75</ele>
      </trkpt>
      <trkpt lat="51.629075" lon="6.957061">
        <ele>39.75</ele>
      </trkpt>
      <trkpt lat="51.630507" lon="6.957428">
        <ele>40</ele>
      </trkpt>
      <trkpt lat="51.630825" lon="6.95751">
        <ele>39.75</ele>
      </trkpt>
      <trkpt lat="51.63119" lon="6.957599">
        <ele>39.5</ele>
      </trkpt>
      <trkpt lat="51.631585" lon="6.957703">
        <ele>39</ele>
      </trkpt>
      <trkpt lat="51.633728" lon="6.958243">
        <ele>39</ele>
      </trkpt>
      <trkpt lat="51.635201" lon="6.958636">
        <ele>40</ele>
      </trkpt>
      <trkpt lat="51.635553" lon="6.958769">
        <ele>40.5</ele>
      </trkpt>
      <trkpt lat="51.635991" lon="6.958958">
        <ele>41</ele>
      </trkpt>
      <trkpt lat="51.636352" lon="6.959123">
        <ele>41.5</ele>
      </trkpt>
      <trkpt lat="51.636648" lon="6.959242">
        <ele>41.75</ele>
      </trkpt>
      <trkpt lat="51.636936" lon="6.959303">
        <ele>42.25</ele>
      </trkpt>
      <trkpt lat="51.637197" lon="6.959319">
        <ele>42.5</ele>
      </trkpt>
      <trkpt lat="51.637455" lon="6.959311">
        <ele>42.75</ele>
      </trkpt>
      <trkpt lat="51.637965" lon="6.959199">
        <ele>42.75</ele>
      </trkpt>
      <trkpt lat="51.638466" lon="6.959066">
        <ele>42.75</ele>
      </trkpt>
      <trkpt lat="51.638665" lon="6.959013">
        <ele>42.5</ele>
      </trkpt>
      <trkpt lat="51.639665" lon="6.958783">
        <ele>41.25</ele>
      </trkpt>
      <trkpt lat="51.640117" lon="6.958677">
        <ele>40.75</ele>
      </trkpt>
      <trkpt lat="51.640407" lon="6.958641">
        <ele>40.5</ele>
      </trkpt>
      <trkpt lat="51.640861" lon="6.95864">
        <ele>39.75</ele>
      </trkpt>
      <trkpt lat="51.641272" lon="6.958717">
        <ele>38.75</ele>
      </trkpt>
      <trkpt lat="51.641689" lon="6.958845">
        <ele>37.75</ele>
      </trkpt>
      <trkpt lat="51.64215" lon="6.959072">
        <ele>36.75</ele>
      </trkpt>
      <trkpt lat="51.642408" lon="6.959252">
        <ele>36.25</ele>
      </trkpt>
      <trkpt lat="51.642528" lon="6.959336">
        <ele>36.25</ele>
      </trkpt>
      <trkpt lat="51.642729" lon="6.959509">
        <ele>36.75</ele>
      </trkpt>
      <trkpt lat="51.643753" lon="6.960397">
        <ele>38</ele>
      </trkpt>
      <trkpt lat="51.645749" lon="6.96214">
        <ele>38</ele>
      </trkpt>
      <trkpt lat="51.645751" lon="6.962131">
        <ele>38</ele>
      </trkpt>
      <trkpt lat="51.645749" lon="6.96214">
        <ele>38</ele>
      </trkpt>
      <trkpt lat="51.646718" lon="6.962989">
        <ele>41.25</ele>
      </trkpt>
      <trkpt lat="51.64692" lon="6.963165">
        <ele>41</ele>
      </trkpt>
      <trkpt lat="51.648773" lon="6.96479">
        <ele>38.25</ele>
      </trkpt>
      <trkpt lat="51.648949" lon="6.964942">
        <ele>38</ele>
      </trkpt>
      <trkpt lat="51.64913" lon="6.965082">
        <ele>38</ele>
      </trkpt>
      <trkpt lat="51.649733" lon="6.965605">
        <ele>35.75</ele>
      </trkpt>
      <trkpt lat="51.649821" lon="6.965683">
        <ele>35.5</ele>
      </trkpt>
      <trkpt lat="51.649924" lon="6.965778">
        <ele>35</ele>
      </trkpt>
      <trkpt lat="51.650007" lon="6.965856">
        <ele>35</ele>
      </trkpt>
      <trkpt lat="51.650141" lon="6.965958">
        <ele>35.25</ele>
      </trkpt>
      <trkpt lat="51.650277" lon="6.96604">
        <ele>35.25</ele>
      </trkpt>
      <trkpt lat="51.650386" lon="6.9661">
        <ele>35.25</ele>
      </trkpt>
      <trkpt lat="51.650596" lon="6.96622">
        <ele>35.5</ele>
      </trkpt>
      <trkpt lat="51.65088" lon="6.966351">
        <ele>35.25</ele>
      </trkpt>
      <trkpt lat="51.651167" lon="6.966459">
        <ele>35.5</ele>
      </trkpt>
      <trkpt lat="51.651401" lon="6.966528">
        <ele>35.75</ele>
      </trkpt>
      <trkpt lat="51.651594" lon="6.966574">
        <ele>36</ele>
      </trkpt>
      <trkpt lat="51.652006" lon="6.96663">
        <ele>35.5</ele>
      </trkpt>
      <trkpt lat="51.65228" lon="6.966638">
        <ele>35.25</ele>
      </trkpt>
      <trkpt lat="51.652497" lon="6.966626">
        <ele>35</ele>
      </trkpt>
      <trkpt lat="51.652735" lon="6.966609">
        <ele>34.75</ele>
      </trkpt>
      <trkpt lat="51.65344" lon="6.966494">
        <ele>34.5</ele>
      </trkpt>
      <trkpt lat="51.654416" lon="6.96633">
        <ele>35.75</ele>
      </trkpt>
      <trkpt lat="51.654556" lon="6.966307">
        <ele>35.75</ele>
      </trkpt>
      <trkpt lat="51.654946" lon="6.966232">
        <ele>35</ele>
      </trkpt>
      <trkpt lat="51.655247" lon="6.966185">
        <ele>34.75</ele>
      </trkpt>
      <trkpt lat="51.655407" lon="6.966189">
        <ele>34.5</ele>
      </trkpt>
      <trkpt lat="51.655844" lon="6.966154">
        <ele>34.25</ele>
      </trkpt>
      <trkpt lat="51.655938" lon="6.966159">
        <ele>34.5</ele>
      </trkpt>
      <trkpt lat="51.655977" lon="6.96616">
        <ele>34.5</ele>
      </trkpt>
      <trkpt lat="51.656092" lon="6.966173">
        <ele>34.75</ele>
      </trkpt>
      <trkpt lat="51.656198" lon="6.966176">
        <ele>35</ele>
      </trkpt>
      <trkpt lat="51.656304" lon="6.96619">
        <ele>35.25</ele>
      </trkpt>
      <trkpt lat="51.656641" lon="6.96625">
        <ele>35.75</ele>
      </trkpt>
      <trkpt lat="51.656831" lon="6.966319">
        <ele>35.75</ele>
      </trkpt>
      <trkpt lat="51.657023" lon="6.966406">
        <ele>35.5</ele>
      </trkpt>
      <trkpt lat="51.65729" lon="6.966618">
        <ele>35.25</ele>
      </trkpt>
      <trkpt lat="51.657639" lon="6.966975">
        <ele>35</ele>
      </trkpt>
      <trkpt lat="51.657941" lon="6.967456">
        <ele>34.5</ele>
      </trkpt>
      <trkpt lat="51.658124" lon="6.967747">
        <ele>34.5</ele>
      </trkpt>
      <trkpt lat="51.658155" lon="6.967796">
        <ele>34.5</ele>
      </trkpt>
      <trkpt lat="51.658296" lon="6.96802">
        <ele>34.25</ele>
      </trkpt>
      <trkpt lat="51.658155" lon="6.968112">
        <ele>34.25</ele>
      </trkpt>
      <trkpt lat="51.658047" lon="6.968308">
        <ele>34</ele>
      </trkpt>
      <trkpt lat="51.658024" lon="6.968351">
        <ele>34</ele>
      </trkpt>
      <trkpt lat="51.657994" lon="6.968433">
        <ele>34</ele>
      </trkpt>
      <trkpt lat="51.657973" lon="6.968527">
        <ele>34</ele>
      </trkpt>
      <trkpt lat="51.657965" lon="6.968593">
        <ele>34</ele>
      </trkpt>
      <trkpt lat="51.657967" lon="6.9688">
        <ele>34</ele>
      </trkpt>
      <trkpt lat="51.657983" lon="6.969191">
        <ele>34</ele>
      </trkpt>
      <trkpt lat="51.657993" lon="6.969245">
        <ele>34</ele>
      </trkpt>
      <trkpt lat="51.657995" lon="6.969255">
        <ele>34</ele>
      </trkpt>
      <trkpt lat="51.658013" lon="6.969302">
        <ele>34</ele>
      </trkpt>
      <trkpt lat="51.658062" lon="6.969374">
        <ele>34</ele>
      </trkpt>
      <trkpt lat="51.658084" lon="6.969391">
        <ele>34.25</ele>
      </trkpt>
      <trkpt lat="51.658126" lon="6.969404">
        <ele>34.25</ele>
      </trkpt>
      <trkpt lat="51.658117" lon="6.969015">
        <ele>34</ele>
      </trkpt>
      <trkpt lat="51.658116" lon="6.969012">
        <ele>34</ele>
      </trkpt>
    </trkseg>
  </trk>
</gpx>
